id,account_id,plaid_transaction_id,merchant_name,amount,transaction_date,pile,sorted_at,created_at,updated_at
570,9,ry73NeZ0yOiMw7rDR1Ppi0wJadYPbBCwmRQRr,Amazon,36.75,2025-08-06,1,2025-08-07 00:29:33.222254,2025-08-07 00:29:26.95312,2025-08-07 00:29:33.299991
582,9,om1PZeogm7FEbzvwqZVpi71PwLKx8BUbjqvqL,Paypal Pay in 4,18.29,2025-08-05,1,2025-08-07 00:29:37.014148,2025-08-07 00:29:27.158631,2025-08-07 00:29:37.030122
579,9,JqOYKVw5q9UqzQ3VANYMSdmZJLvX47f7wd1dQ,Rugs,218.29,2025-08-05,1,2025-08-07 00:29:45.192417,2025-08-07 00:29:27.112396,2025-08-07 00:29:45.192979
575,9,VaAoZVb1aLuaRQJ4oEPzi6mvKDLAyjCjNgygE,Amazon,50.67,2025-08-05,1,2025-08-07 00:29:48.875827,2025-08-07 00:29:27.047515,2025-08-07 00:29:48.876295
576,9,MyA8vYDQyMiyM0k7bxvgcr9wdX0n7pUp3rJag,Amazon,110.24,2025-08-05,1,2025-08-07 00:29:48.09518,2025-08-07 00:29:27.05684,2025-08-07 00:29:48.095906
581,9,aVb73pyqVvHB7yMLgoO8HEXRAgdKz7u1XBQB9,Spotify,12.59,2025-08-05,1,2025-08-07 00:29:39.54973,2025-08-07 00:29:27.134479,2025-08-07 00:29:39.55044
572,9,gnAZ0edDnxHv0ngRbKwOHROrAkozKqCK1P0P9,Amazon,149.85,2025-08-05,1,2025-08-07 00:29:51.1384,2025-08-07 00:29:27.015522,2025-08-07 00:29:51.138724
580,9,48EDYyz58qFqJB8zX96PS3nARVZNQ4tnb9V9n,Driftgoods,49.51,2025-08-05,1,2025-08-07 00:29:41.653742,2025-08-07 00:29:27.123748,2025-08-07 00:29:41.655225
574,9,xj90neVNjptMJ41yPQnRiaBLgbyweMCKzXEXA,Amazon,176.38,2025-08-05,1,2025-08-07 00:29:49.64783,2025-08-07 00:29:27.03918,2025-08-07 00:29:49.648181
577,9,R048aEMw0pIpOQrEJYzgF7X6RkYEdqUqD7Lmv,Amazon,125.62,2025-08-05,1,2025-08-07 00:29:47.330023,2025-08-07 00:29:27.068433,2025-08-07 00:29:47.332303
571,9,bOKZyeqBO0hOnMED3vkpuoRZyP4kMqCD73M3L,Amazon,26.99,2025-08-05,1,2025-08-07 00:29:52.846412,2025-08-07 00:29:27.009138,2025-08-07 00:29:52.847739
573,9,7ogqYAZwoyTy49pwYVQbczkw45xBEYt5mXdXq,Amazon,46.57,2025-08-05,1,2025-08-07 00:29:50.416308,2025-08-07 00:29:27.025953,2025-08-07 00:29:50.4167
578,9,nPDm8eZKPgfMYmrdZwXpipMJ5vnVDAUpeZEvK,Amazon,38.58,2025-08-05,1,2025-08-07 00:29:46.524205,2025-08-07 00:29:27.085237,2025-08-07 00:29:46.526335
567,9,MyA8vYDQyMiyM0k7bxvEhKbJZBOV1DF5K0AeR,Walgreens,31.77,2025-08-04,2,2025-08-05 14:37:51.008149,2025-08-05 14:37:30.38034,2025-08-05 14:37:51.008687
585,9,DwQ81bKXwZhwajLPENvVuVeYMXA0kRFRDbkLK,Amazon,125.62,2025-08-04,1,2025-08-07 00:30:19.928132,2025-08-07 00:29:27.20541,2025-08-07 00:30:19.928544
584,9,L3m8AVLk3OSp3bKVk0oMFg56MLQZnBTBegzOO,Amazon,110.24,2025-08-04,1,2025-08-07 00:30:20.611199,2025-08-07 00:29:27.17555,2025-08-07 00:30:20.611651
374,9,yr7jneANrdfM0g1K8XxYImQEpwRJ7nf3YrneL,Amazon,90.92,2025-08-04,1,2025-08-04 20:53:20.453717,2025-08-04 20:53:09.647957,2025-08-04 20:53:20.45465
424,13,0Aj11xVQMYIjBrgAvPY8UBe7VQxpwKtVYvQyy,Gsuite Shokuna,52.8,2025-08-04,,,2025-08-04 22:07:59.051931,2025-08-04 22:07:59.051931
589,9,PAZmrVM5AQCAZ107jYeJsMLxDaQYNACAePzN8,Amazon,38.58,2025-08-04,1,2025-08-07 00:30:15.408993,2025-08-07 00:29:27.23779,2025-08-07 00:30:15.409462
432,13,ODEnnMJB1jTJEPeYQwy8sA7eDvb0Y3IVngY1b,Venmo,138.49,2025-08-04,2,2025-08-04 22:08:19.827809,2025-08-04 22:07:59.119103,2025-08-04 22:08:19.828287
569,9,R048aEMw0pIpOQrEJYzdfZ0zMrmen9C4Z96Q5,Paypal Pay in 4,18.29,2025-08-04,1,2025-08-05 14:37:33.659273,2025-08-05 14:37:30.407009,2025-08-05 14:37:33.662279
431,13,gJB33d1k60uPkBOKeoxyU5rXbx0y7QH30KR9O,Acorns,3.0,2025-08-04,1,2025-08-04 22:08:24.984671,2025-08-04 22:07:59.111385,2025-08-04 22:08:24.986023
596,9,w0jvXYxN0nIMjYvZdDy5iXPZnJk08oFvYNAzb,YOU,20.0,2025-08-04,2,2025-08-07 00:29:58.941169,2025-08-07 00:29:27.302904,2025-08-07 00:29:58.941643
595,9,dEgnkeqwErCKOXor04eNcj31RgnExbUQeOZ6Y,Affirm,87.65,2025-08-04,1,2025-08-07 00:30:01.901603,2025-08-07 00:29:27.283658,2025-08-07 00:30:01.90181
594,9,65BPYk9d53T3y65Vo1X7c640gxyNArCNxR7zR,Render,66.5,2025-08-04,0,2025-08-07 00:30:04.369599,2025-08-07 00:29:27.274639,2025-08-07 00:30:04.369924
593,9,q3wBneZy3VSMAB15yDvJi39a7xmVbJtEVpK03,Render,24.5,2025-08-04,0,2025-08-07 00:30:05.387907,2025-08-07 00:29:27.268036,2025-08-07 00:30:05.398947
430,13,EvjmmYK0MPhKadyO1vkoiY6L59dZrDIJ9nzaq,Uber,64.3,2025-08-04,2,2025-08-04 22:08:29.796676,2025-08-04 22:07:59.10434,2025-08-04 22:08:29.797723
592,9,1azwYq95aDuDm4aZwdQ7t9ebVymzLXtgpNk79,Lowe's,36.37,2025-08-04,1,2025-08-07 00:30:08.803366,2025-08-07 00:29:27.261346,2025-08-07 00:30:08.803634
429,13,M6gnnDaPLvua8AgxOY1zuowEJmNjAOF5JpEVe,Uber,50.98,2025-08-04,2,2025-08-04 22:08:35.605215,2025-08-04 22:07:59.096999,2025-08-04 22:08:35.605799
428,13,bnLDDqdomyuBPJpvVxArT5Z0YxnQzvHgMD1vO,Uber,17.59,2025-08-04,2,2025-08-04 22:08:37.492603,2025-08-04 22:07:59.089865,2025-08-04 22:08:37.494639
427,13,VKgnnb7MkZU7V9zErBgMudvez7R13EtXyjBD6,Uber,16.72,2025-08-04,2,2025-08-04 22:08:38.906781,2025-08-04 22:07:59.080998,2025-08-04 22:08:38.908343
426,13,96DvvnNJMYur49wjNQZKirXQ1Ep6jJIkOxQzK,ORIG CO NAME:PAYPAL CO ENTRY DESCR:INST XFER SEC:WEB IND ID:FUNIMATION ORIG ID:PAYPALSI77,10.89,2025-08-04,1,2025-08-04 22:08:44.165019,2025-08-04 22:07:59.06987,2025-08-04 22:08:44.166067
425,13,7d6kkZpRzYTAoEbV1ZBDiKwMPQVqZNSDd5Nrr,Acorns,10.0,2025-08-04,1,2025-08-04 22:08:48.09983,2025-08-04 22:07:59.061297,2025-08-04 22:08:48.100446
598,9,eRK9AeB6R4Ckz4XqErQYirJOog3A6dUbEO6gV,Cloud Nz2nmv,0.42,2025-08-04,0,2025-08-07 00:29:55.729856,2025-08-07 00:29:27.320883,2025-08-07 00:29:55.731631
597,9,XJMQdObqJ1HJoxZOgEwpCXmqOVp1raFamgJLJ,Cloud 8tm,0.01,2025-08-04,0,2025-08-07 00:29:56.72536,2025-08-07 00:29:27.312796,2025-08-07 00:29:56.725747
590,9,z4orneZN4wCMRebEdAzviAN4rkyZVOSn9rEDg,Digitalocean.,5.74,2025-08-04,2,2025-08-07 00:30:13.4794,2025-08-07 00:29:27.249829,2025-08-07 00:30:13.479728
591,9,pBdq5eONB9HMyOA5oZNpibdOpxg7rJC4koKx0,Kristoffer's Cafe & Bakery,10.54,2025-08-04,2,2025-08-07 00:30:11.208227,2025-08-07 00:29:27.25587,2025-08-07 00:30:11.208571
433,13,oJjOOoAnyZuNLjpZ7D0yUnPRD50NpoIovb75Q,ZELLE PAYMENT TO KATE LEE JPM99BI9GV4J,4000.0,2025-08-04,0,2025-08-04 22:08:09.092941,2025-08-04 22:07:59.132303,2025-08-04 22:08:09.105856
494,14,eJ9DPyaLgbHxEQQ9emQJIYqw1aby6dT4PVNJ5,Gsuite Shokuna,52.8,2025-08-04,,,2025-08-04 22:31:13.99546,2025-08-04 22:31:13.99546
495,14,3mLna0wExNfAabbg45brSAO49EJYNDuPr8xVx,Acorns,10.0,2025-08-04,,,2025-08-04 22:31:14.034379,2025-08-04 22:31:14.034379
496,14,yPj41RpZ3EtB8xxroexdhzdPyxwmrOtRK6MrJ,ORIG CO NAME:PAYPAL CO ENTRY DESCR:INST XFER SEC:WEB IND ID:FUNIMATION ORIG ID:PAYPALSI77,10.89,2025-08-04,,,2025-08-04 22:31:14.043786,2025-08-04 22:31:14.043786
497,14,Kd8PgQNrO4ULMggnEbgPHPbwBde09mfyekXn5,Uber,16.72,2025-08-04,,,2025-08-04 22:31:14.053428,2025-08-04 22:31:14.053428
498,14,qJBr4op0jgHdyvv37avoHEqr6ONjbJH1zXkqn,Uber,17.59,2025-08-04,,,2025-08-04 22:31:14.064297,2025-08-04 22:31:14.064297
499,14,Ayr8kK0qpRcmzvvNgwv7sQk8yX1BxnUwvo9Y0,Uber,50.98,2025-08-04,,,2025-08-04 22:31:14.095817,2025-08-04 22:31:14.095817
503,14,P1mKg3R8daUnjeekKoevikw8j37pNAsOdkKg7,ZELLE PAYMENT TO KATE LEE JPM99BI9GV4J,4000.0,2025-08-04,0,2025-08-04 22:32:13.724508,2025-08-04 22:31:14.128051,2025-08-04 22:32:13.72639
502,14,kZ6ykgp3vjU6vddLYrdZHK9opxVLMRCbrgj61,Venmo,138.49,2025-08-04,2,2025-08-04 22:32:18.751158,2025-08-04 22:31:14.1215,2025-08-04 22:32:18.770535
500,14,vLAg6OpxmEC1g66vPn6EcaxoqDyK8mFp9R8XX,Uber,64.3,2025-08-04,2,2025-08-04 22:32:22.42258,2025-08-04 22:31:14.105257,2025-08-04 22:32:22.426378
501,14,BK4xA3jBQOuLoQQd0gQOH9ZzAgPY87cvzoLgQ,Acorns,3.0,2025-08-04,1,2025-08-04 22:32:20.730176,2025-08-04 22:31:14.113609,2025-08-04 22:32:20.730637
588,9,NKQ80V15KEHKZ6AR97DmcDmew4zOjrCLaDA7X,Amazon Prime,7.49,2025-08-04,1,2025-08-07 00:30:17.297813,2025-08-07 00:29:27.230114,2025-08-07 00:30:17.306039
386,12,kaenpv5p4XHzJNjk7jJeUpOYP1q0V7UE7BJ1Y,Amazon,90.92,2025-08-04,,,2025-08-04 21:06:01.482063,2025-08-04 21:06:01.482063
587,9,Y8rZwVbB8mFORB57eEb8upBoKZX8PAUqBOmXB,Amazon,39.24,2025-08-04,1,2025-08-07 00:30:18.33254,2025-08-07 00:29:27.219457,2025-08-07 00:30:18.332856
375,9,04EdYPxK4LCLKe4EOAkdIR0gmNOKwntVEyKZq,Web Authorized Pmt Paypal,126.13,2025-08-04,1,2025-08-04 20:53:17.086002,2025-08-04 20:53:09.66517,2025-08-04 20:53:17.127543
385,12,KkXaNOVNeoCj196vX61BCBEnAo5zeZCNR78J9,Amazon,46.57,2025-08-04,,,2025-08-04 21:06:01.471531,2025-08-04 21:06:01.471531
564,9,E6JnPgYZ65H69XD5JOZVCMJ5QoDxkmUJodKkN,Amazon,38.56,2025-08-04,1,2025-08-05 14:37:57.481041,2025-08-05 14:37:30.338369,2025-08-05 14:37:57.481482
566,9,QvQb4VMdvnCvwej7kY9aUPkZYNnO0rHzx9QDR,Amazon,143.43,2025-08-04,1,2025-08-05 14:37:55.180822,2025-08-05 14:37:30.369491,2025-08-05 14:37:55.181478
387,12,p5ejp09pZLC1zZJdPJzgSwPQnyAkavCakjbnn,Web Authorized Pmt Paypal,126.13,2025-08-04,,,2025-08-04 21:06:01.492381,2025-08-04 21:06:01.492381
565,9,Ok08jVMakRTkbxvoqYNzcOqDMw3xy5UVOp7ae,Amazon,46.57,2025-08-04,1,2025-08-05 14:37:56.560907,2025-08-05 14:37:30.360563,2025-08-05 14:37:56.562238
568,9,xj90neVNjptMJ41yPQnOc53XoqvDmdIJbm1r5,Web Authorized Pmt Paypal,126.13,2025-08-04,1,2025-08-05 14:37:47.76352,2025-08-05 14:37:30.388072,2025-08-05 14:37:47.763984
583,9,BnN4m51ZnJHJRNw7o3QbCOQjwkxa87U7YEKbe,Amazon,137.8,2025-08-04,1,2025-08-07 00:30:21.298321,2025-08-07 00:29:27.167117,2025-08-07 00:30:21.298525
586,9,m1gDJeXy1bhOxXyqjbapuAkQ9n4qwMSvxjpnX,Amazon,50.67,2025-08-04,1,2025-08-07 00:30:19.163024,2025-08-07 00:29:27.212461,2025-08-07 00:30:19.163238
444,13,dR1PPq6ybkiVgMN478dBUL1prMO4BDfyZQmPk,Plow,144.38,2025-08-03,,,2025-08-04 22:07:59.251483,2025-08-04 22:07:59.251483
376,9,aVb73pyqVvHB7yMLgoO0FpAnqXnYbRf1pwpb3,Amazon,149.85,2025-08-03,1,2025-08-04 20:53:21.722749,2025-08-04 20:53:09.671775,2025-08-04 20:53:21.735869
514,14,oJPrjnpABkH6qVVm7nVBHz6QbDjE8BtrnxL9M,Plow,144.38,2025-08-03,,,2025-08-04 22:31:14.290158,2025-08-04 22:31:14.290158
513,14,963xDJqNK8faM00zNB0diaeAb1ov9qF6L7o0w,Miller & Lux,852.05,2025-08-03,,,2025-08-04 22:31:14.249794,2025-08-04 22:31:14.249794
512,14,8wBxLJPXRnc4bZZOoJZzC4qVK0g7yNtYOLAXB,Angler Sf,392.8,2025-08-03,,,2025-08-04 22:31:14.239826,2025-08-04 22:31:14.239826
511,14,7dqx6R1pNOUrYQQR1zQ5cp0eOPnmEYC8aPA1w,The Social Study,33.04,2025-08-03,,,2025-08-04 22:31:14.231992,2025-08-04 22:31:14.231992
510,14,541ndJLQ5NC0z445bw4yi06Lqb1xRZHN7XQ0Q,Nari,471.0,2025-08-03,,,2025-08-04 22:31:14.212463,2025-08-04 22:31:14.212463
509,14,YvZXgM7O9oF3ebbVxnbqhNDEd4YjPAUz4VExj,Samsung Electronics,2.99,2025-08-03,,,2025-08-04 22:31:14.183154,2025-08-04 22:31:14.183154
508,14,Z0pXgyaMeQCv544pBX4gHe1a9kEN3Ks8qArKL,Linea Caffe,15.85,2025-08-03,,,2025-08-04 22:31:14.173414,2025-08-04 22:31:14.173414
507,14,gJZPBka1gjH8bwwZezwXfDVpPbNdKqC6v7mzD,Hyatt Resorts,1412.69,2025-08-03,,,2025-08-04 22:31:14.163517,2025-08-04 22:31:14.163517
506,14,VKoXgM87yxu5oPPprOPecPwbozOVyjfndqK1w,Hotel Kabuki Restaurant,46.02,2025-08-03,,,2025-08-04 22:31:14.155319,2025-08-04 22:31:14.155319
505,14,JmY1MyRjb4fxAYYP7eYvIOQnAzeB47c0aOxMk,Gsuite Takuma.,52.8,2025-08-03,,,2025-08-04 22:31:14.147343,2025-08-04 22:31:14.147343
504,14,bnZwLoMd1jUj3kkYVXkNTKw63YXrMqCPVbOjv,Sure Fun Amusemen,6.0,2025-08-03,,,2025-08-04 22:31:14.137621,2025-08-04 22:31:14.137621
443,13,DA0BBKyOM1Iy4kVNQ8nZiOYL6BpPvqiVkR7nn,Miller & Lux,852.05,2025-08-03,,,2025-08-04 22:07:59.236283,2025-08-04 22:07:59.236283
442,13,YvgnnbOM0whAdX8ExKL4i5ok4xR1nqHwmq87g,Angler Sf,392.8,2025-08-03,,,2025-08-04 22:07:59.227931,2025-08-04 22:07:59.227931
441,13,LwMjjL4b6At4R1M0Y6aDtE6orvmY1zimzB6Aj,The Social Study,33.04,2025-08-03,,,2025-08-04 22:07:59.219692,2025-08-04 22:07:59.219692
440,13,mov00XKjBJtonJpbe6g8uLQRbXgp6af3pvwEy,Nari,471.0,2025-08-03,,,2025-08-04 22:07:59.209798,2025-08-04 22:07:59.209798
439,13,jbKkkLBA14skRE4v97g0Tbgwr5mjY8f1pjKAD,Samsung Electronics,2.99,2025-08-03,,,2025-08-04 22:07:59.202155,2025-08-04 22:07:59.202155
438,13,zqPVVZ5RJnU6kjvAy0L1Uw4357L8zPSdEnXkY,Linea Caffe,15.85,2025-08-03,,,2025-08-04 22:07:59.191554,2025-08-04 22:07:59.191554
437,13,6awKK9nbMYsMAP71DbgQse0VBmJ8O5Uy7NBvo,Hyatt Resorts,1412.69,2025-08-03,,,2025-08-04 22:07:59.179609,2025-08-04 22:07:59.179609
436,13,1vrPP9O7MYhX8n7d0xjoS3bjJrvd6ncjkgdR3,Hotel Kabuki Restaurant,46.02,2025-08-03,,,2025-08-04 22:07:59.165338,2025-08-04 22:07:59.165338
435,13,eJPqqBLydAu1gPYreZ5Kc5OVaPzDKxHk6bq9N,Gsuite Takuma.,52.8,2025-08-03,,,2025-08-04 22:07:59.157729,2025-08-04 22:07:59.157729
434,13,wDL88xJq4XTQLg5DqkA6TwZqeVAMpNSyAvnJw,Sure Fun Amusemen,6.0,2025-08-03,,,2025-08-04 22:07:59.150431,2025-08-04 22:07:59.150431
388,12,vne0pmQp93uK4erk5r4wcq5ZPw94y7sg3j6Je,Amazon,149.85,2025-08-03,,,2025-08-04 21:06:01.511335,2025-08-04 21:06:01.511335
517,14,moDkvjpKa8cvjaa1eBaPHmEDxbPJwMC8AOZDR,The Drunken Bean,27.47,2025-08-02,,,2025-08-04 22:31:14.311663,2025-08-04 22:31:14.311663
516,14,zqraPRd5vEi3dzzgynzwhYX0K56oVOTM1x5Z3,Lyft,19.6,2025-08-02,,,2025-08-04 22:31:14.305072,2025-08-04 22:31:14.305072
515,14,dRnL1ya6AjUD0een7beRcAa6Vrwzxbuowr43g,North Harb,18.0,2025-08-02,,,2025-08-04 22:31:14.297793,2025-08-04 22:31:14.297793
378,9,65BPYk9d53T3y65Vo1XkHPwXe6bZdrUyr8Kj4,Lowe's,36.27,2025-08-02,2,2025-08-04 20:53:38.807346,2025-08-04 20:53:09.693014,2025-08-04 20:53:38.809026
448,13,RqgnnM5bBaU5xPgY3DnmS86vz3Ob5mC4LqYRA,ZELLE PAYMENT TO COFFEY BROS MOVING JPM99BI0ZLGQ,1045.98,2025-08-02,,,2025-08-04 22:07:59.286786,2025-08-04 22:07:59.286786
447,13,4rx33zRNMYhYm3P9RjLOSbAgPreOB1fJVnOdz,The Drunken Bean,27.47,2025-08-02,,,2025-08-04 22:07:59.276956,2025-08-04 22:07:59.276956
446,13,rJa88ZjXmNuNdap1BqK4UOJje1KMzDiaQw01E,Lyft,19.6,2025-08-02,,,2025-08-04 22:07:59.269297,2025-08-04 22:07:59.269297
518,14,0AdnjQOVbkhmOkkJv9k1sYrabVNR56T9kLjyd,ZELLE PAYMENT TO COFFEY BROS MOVING JPM99BI0ZLGQ,1045.98,2025-08-02,,,2025-08-04 22:31:14.318111,2025-08-04 22:31:14.318111
377,9,dEgnkeqwErCKOXor04emHJmQLjaNVbFyRYpNz,Amazon,38.58,2025-08-02,1,2025-08-04 20:53:40.318508,2025-08-04 20:53:09.679998,2025-08-04 20:53:40.320065
379,9,L3m8AVLk3OSp3bKVk0oXcVjNEgJq3BFmQq7xv,Render,24.5,2025-08-02,0,2025-08-04 20:53:29.695645,2025-08-04 20:53:09.70015,2025-08-04 20:53:29.696566
381,9,w0jvXYxN0nIMjYvZdDywCbzQwXgYBoIybQX37,YOU,20.0,2025-08-02,2,2025-08-04 20:53:24.3266,2025-08-04 20:53:09.713208,2025-08-04 20:53:24.328199
389,12,0YP8ObLOJehPbAqoZqbyhbgdqXzENnCJNaQE4,Amazon,38.58,2025-08-02,,,2025-08-04 21:06:01.547215,2025-08-04 21:06:01.547215
445,13,aJ6LLyNDZ3ura68omNYXijRkoJaDxMf9Q1Erw,North Harb,18.0,2025-08-02,,,2025-08-04 22:07:59.261623,2025-08-04 22:07:59.261623
390,12,rNeVpxOpo1Tqo18Ex8ovSLxgmp7vA5Cbm805p,Lowe's,36.27,2025-08-02,,,2025-08-04 21:06:01.555117,2025-08-04 21:06:01.555117
391,12,4YyQ6jq6oVhj79KoNK7nC7wk6opaDmUqbQO6O,Render,24.5,2025-08-02,,,2025-08-04 21:06:01.564356,2025-08-04 21:06:01.564356
380,9,DwQ81bKXwZhwajLPENvRImyaOV9QERsVr5d6o,Render,66.5,2025-08-02,0,2025-08-04 20:53:28.379819,2025-08-04 20:53:09.707163,2025-08-04 20:53:28.380454
392,12,a3pjR1vRB5cNdoQj4QdRhrwqNv65y8H4XeEpk,Render,66.5,2025-08-02,,,2025-08-04 21:06:01.573629,2025-08-04 21:06:01.573629
393,12,j4mVpvZpr5s75vqbYq51ukK9zo7LnNi3NXKMa,YOU,20.0,2025-08-02,,,2025-08-04 21:06:01.587631,2025-08-04 21:06:01.587631
524,14,aJ7d6DRN1oHqgOO9mEOxT03BroyLz7HKvd5rn,Uber,45.48,2025-08-01,,,2025-08-04 22:31:14.357491,2025-08-04 22:31:14.357491
525,14,x10rDmX8JEUqPnnpVznOT6xq3XdZeMCm5DVaj,Akikos Restaurant,601.3,2025-08-01,,,2025-08-04 22:31:14.367244,2025-08-04 22:31:14.367244
350,9,65BPYk9d53T3y65Vo1XQsJvnPbZLB9FAnJKex,Amazon,7.49,2025-08-01,1,2025-08-02 17:21:22.329634,2025-08-02 17:20:45.262702,2025-08-02 17:21:22.331993
382,9,ry73NeZ0yOiMw7rDR1PkCmoQO0XqLBsaMX5g7,Klarna,41.4,2025-08-01,1,2025-08-04 20:53:48.091408,2025-08-04 20:53:09.731887,2025-08-04 20:53:48.092222
349,9,3JOLY39ZJPHPQeJ0a6bVu5qX1OdwEbIPX5dvq,Amazon,137.8,2025-08-01,1,2025-08-02 17:21:24.827656,2025-08-02 17:20:45.256497,2025-08-02 17:21:24.828126
526,14,aJ7d6DRN1oHqgOO9mEOxT03BroyLz7HKvdzny,Mochica,452.71,2025-08-01,,,2025-08-04 22:31:14.373178,2025-08-04 22:31:14.373178
527,14,x10rDmX8JEUqPnnpVznOT6xq3XdZeMCm5DQBw,Valon,3533.88,2025-08-01,,,2025-08-04 22:31:14.38243,2025-08-04 22:31:14.38243
528,14,JmY1MyRjb4fxAYYP7eYvIOQnAzeB47c0aOvEP,Zelle payment to 722 w 17th Pl HOA 25319108742,320.0,2025-08-01,,,2025-08-04 22:31:14.388382,2025-08-04 22:31:14.388382
406,12,oZevpB7p86SDeZO9aOedCbdJykgvjeCOjP75J,Cloud Nz2nmv,0.42,2025-08-01,,,2025-08-04 21:06:01.773743,2025-08-04 21:06:01.773743
345,9,DwQ81bKXwZhwajLPENvZhpK3m9Qz6rCXeadNP,Amazon,39.24,2025-08-01,1,2025-08-02 17:21:33.859972,2025-08-02 17:20:45.204108,2025-08-02 17:21:33.86133
346,9,PAZmrVM5AQCAZ107jYe4iZVmEwy935HOLxjy6,Amazon,50.67,2025-08-01,1,2025-08-02 17:21:30.661403,2025-08-02 17:20:45.219855,2025-08-02 17:21:30.662508
352,9,L3m8AVLk3OSp3bKVk0oDImP0VJqXrbHJ5M7Lp,Burrow,87.65,2025-08-01,1,2025-08-02 17:21:14.328365,2025-08-02 17:20:45.277386,2025-08-02 17:21:14.330461
353,9,nPDm8eZKPgfMYmrdZwXVuRqrdaNk1EHj1m6xn,Web Authorized Pmt Paypal,9.99,2025-08-01,1,2025-08-02 17:21:08.214633,2025-08-02 17:20:45.28682,2025-08-02 17:21:08.214815
383,9,j6dw4mLq6ZHrmOLDdvBntzZPbQ3VkDf1oxMwb,Www.theverge.,7.0,2025-08-01,1,2025-08-04 20:53:43.894961,2025-08-04 20:53:09.740552,2025-08-04 20:53:43.895487
384,9,nPDm8eZKPgfMYmrdZwXjCd3ympaNYAf09z6a9,Web Authorized Pmt Paypal,9.99,2025-08-01,2,2025-08-04 20:53:42.266671,2025-08-04 20:53:09.746145,2025-08-04 20:53:42.268071
405,12,xnevXJpXYKuAjQ7EN7jZh3N9pJ51dQsozvn3N,Cloud 8tm,0.01,2025-08-01,,,2025-08-04 21:06:01.766474,2025-08-04 21:06:01.766474
404,12,N0V9RrERYosdb75kY5bxt9pbEk6R71s3arw0r,Web Authorized Pmt Paypal,9.99,2025-08-01,,,2025-08-04 21:06:01.753916,2025-08-04 21:06:01.753916
403,12,OjVmX5RXeoswKY4nd4K7SqPR9pO85zs4K3Y1Z,Www.theverge.,7.0,2025-08-01,,,2025-08-04 21:06:01.745988,2025-08-04 21:06:01.745988
402,12,Z6V7aeqaw5hk3EqLKq37u9yowngRE4sv6xO7q,Burrow,87.65,2025-08-01,,,2025-08-04 21:06:01.723682,2025-08-04 21:06:01.723682
401,12,MvYORrMReETYVx9Jq9VXib3RzkK5DeCP3VEyk,Klarna,41.4,2025-08-01,,,2025-08-04 21:06:01.716816,2025-08-04 21:06:01.716816
400,12,JKVxRb9ReXSKoNy6dyoEcAMPN6pbeVikwpnVK,Digitalocean,5.74,2025-08-01,,,2025-08-04 21:06:01.708974,2025-08-04 21:06:01.708974
399,12,8YvNPRKP9Vh7N9wY6wNPuKjkXJaogYfZa90rP,Amazon,7.49,2025-08-01,,,2025-08-04 21:06:01.699056,2025-08-04 21:06:01.699056
394,12,5YK8L5BLbzh6qDkY9kq3fq4nJ8ay1msVkKozL,Amazon,39.24,2025-08-01,,,2025-08-04 21:06:01.604771,2025-08-04 21:06:01.604771
347,9,BnN4m51ZnJHJRNw7o3QpF15E4ZKVgXIvmp5Db,Amazon,110.24,2025-08-01,1,2025-08-02 17:21:28.990452,2025-08-02 17:20:45.240328,2025-08-02 17:21:28.990912
398,12,9Y0mqKkqVOhQbj6Y86b3SbYkVmNxo4CybKQzx,Amazon,137.8,2025-08-01,,,2025-08-04 21:06:01.68952,2025-08-04 21:06:01.68952
351,9,w0jvXYxN0nIMjYvZdDy6uAyvbgY9e4CR74XE1,Digitalocean,5.74,2025-08-01,2,2025-08-02 17:21:17.633665,2025-08-02 17:20:45.270143,2025-08-02 17:21:17.634855
348,9,q3wBneZy3VSMAB15yDvguZLAvq0eOpH1RY4jp,Amazon,125.62,2025-08-01,1,2025-08-02 17:21:27.205534,2025-08-02 17:20:45.250007,2025-08-02 17:21:27.206265
355,9,1azwYq95aDuDm4aZwdQoHvEo7x51JBFY5vDVP,Cloud Nz2nmv,0.42,2025-08-01,1,2025-08-02 17:20:54.376788,2025-08-02 17:20:45.30423,2025-08-02 17:20:54.377883
397,12,g0eVagxavMsoJKd35dJruPaenj4gN1HA1DR98,Amazon,125.62,2025-08-01,,,2025-08-04 21:06:01.679308,2025-08-04 21:06:01.679308
354,9,dEgnkeqwErCKOXor04eBsOPdJaNerYIoAnpqq,Cloud 8tm,0.01,2025-08-01,1,2025-08-02 17:20:57.671723,2025-08-02 17:20:45.295786,2025-08-02 17:20:57.673456
458,13,eJPqqBLydAu1gPYreZ5Kc5OVaPzDKxHk6br1D,Zelle payment to 722 w 17th Pl HOA 25319108742,320.0,2025-08-01,,,2025-08-04 22:07:59.363339,2025-08-04 22:07:59.363339
457,13,NLmnn1x7D0ieLrm7PdvjcJeAQ5ZqY0HxALwrA,Valon,3533.88,2025-08-01,,,2025-08-04 22:07:59.356471,2025-08-04 22:07:59.356471
456,13,XAgnnbVrvdIV4jpEby50UMq3Abo9xDt0Ja1jy,Mochica,452.71,2025-08-01,,,2025-08-04 22:07:59.349188,2025-08-04 22:07:59.349188
455,13,NLmnn1x7D0ieLrm7PdvjcJeAQ5ZqY0HxALMzd,Akikos Restaurant,601.3,2025-08-01,,,2025-08-04 22:07:59.342823,2025-08-04 22:07:59.342823
454,13,XAgnnbVrvdIV4jpEby50UMq3Abo9xDt0Jab8B,Uber,45.48,2025-08-01,,,2025-08-04 22:07:59.334641,2025-08-04 22:07:59.334641
453,13,nb0jjZkX38s0vnpweLRVumJz19ReLbH0Epo4R,Uber,43.17,2025-08-01,,,2025-08-04 22:07:59.327758,2025-08-04 22:07:59.327758
452,13,pJr88OvmK5uLxrpZe1mRu4O9ZqmMYzfZK4bjR,Uber,37.68,2025-08-01,,,2025-08-04 22:07:59.317706,2025-08-04 22:07:59.317706
451,13,QPgXXMZBq4SZoMgYJL0rfRQjZbwDMnIz746jZ,Uber,30.84,2025-08-01,,,2025-08-04 22:07:59.309701,2025-08-04 22:07:59.309701
450,13,pJr88OvmK5uLxrpZe1mRu4O9ZqmMYzfZK4MLa,J Mart And Liquor,46.6,2025-08-01,,,2025-08-04 22:07:59.301714,2025-08-04 22:07:59.301714
449,13,x1D77V8mantdbmRQVAkLsrLAXYk80vIJEKnBa,Hotel Kabuki Restauran,38.02,2025-08-01,,,2025-08-04 22:07:59.294282,2025-08-04 22:07:59.294282
396,12,7YAb1Ny17VhZOVde3dOkfOyAg9dbnRUYmqNr8,Amazon,110.24,2025-08-01,,,2025-08-04 21:06:01.656618,2025-08-04 21:06:01.656618
395,12,byeXM10M3gUx8v46a48Zh3EVeD1dX7s97m1vq,Amazon,50.67,2025-08-01,,,2025-08-04 21:06:01.612995,2025-08-04 21:06:01.612995
519,14,wDvRLqpJoEfndyy0q1yOi6gEBeOa8oCRx1DJ6,Hotel Kabuki Restauran,38.02,2025-08-01,,,2025-08-04 22:31:14.324246,2025-08-04 22:31:14.324246
520,14,4rDnxN6RjZCvX66ERd6xHYLE7PDvQ4TDKYZmJ,J Mart And Liquor,46.6,2025-08-01,,,2025-08-04 22:31:14.330169,2025-08-04 22:31:14.330169
521,14,jbw3KApBvjUpdBB69aBZiE3Rkrny0DHvd4wDO,Uber,30.84,2025-08-01,,,2025-08-04 22:31:14.336997,2025-08-04 22:31:14.336997
522,14,4rDnxN6RjZCvX66ERd6xHYLE7PDvQ4TDKY7dM,Uber,37.68,2025-08-01,,,2025-08-04 22:31:14.343187,2025-08-04 22:31:14.343187
523,14,rJ3raXpjxRHnRPPyBePZi9XZLeAnbBcr6yg1j,Uber,43.17,2025-08-01,,,2025-08-04 22:31:14.350447,2025-08-04 22:31:14.350447
539,14,0AdnjQOVbkhmOkkJv9k1sYrabVNR56T9kLDgA,Victoria Pastry Co.,7.75,2025-07-31,,,2025-08-04 22:31:14.463513,2025-08-04 22:31:14.463513
357,9,eRK9AeB6R4Ckz4XqErQqHY6KPyrrjBcbaoDDx,Klarna,41.4,2025-07-31,1,2025-08-02 17:21:55.087219,2025-08-02 17:20:45.326779,2025-08-02 17:21:55.087429
469,13,RqgnnM5bBaU5xPgY3DnmS86vz3Ob5mC4LqEr4,Victoria Pastry Co.,7.75,2025-07-31,,,2025-08-04 22:07:59.466304,2025-08-04 22:07:59.466304
468,13,nb0jjZkX38s0vnpweLRVumJz19ReLbH0EpPXq,United Airlines,8.0,2025-07-31,,,2025-08-04 22:07:59.458116,2025-08-04 22:07:59.458116
467,13,VKgnnb7MkZU7V9zErBgMudvez7R13EtXyjAJr,The Progress,100.61,2025-07-31,,,2025-08-04 22:07:59.448061,2025-08-04 22:07:59.448061
466,13,QPgXXMZBq4SZoMgYJL0rfRQjZbwDMnIz74Bow,State Bird Provision,380.84,2025-07-31,,,2025-08-04 22:07:59.440557,2025-08-04 22:07:59.440557
465,13,7d6kkZpRzYTAoEbV1ZBDiKwMPQVqZNSDd5MZO,Crews,39.12,2025-07-31,,,2025-08-04 22:07:59.427641,2025-08-04 22:07:59.427641
464,13,ODEnnMJB1jTJEPeYQwy8sA7eDvb0Y3IVngBPx,Starbucks,25.53,2025-07-31,,,2025-08-04 22:07:59.41848,2025-08-04 22:07:59.41848
463,13,96DvvnNJMYur49wjNQZKirXQ1Ep6jJIkOxjJX,Saint Frank Coffee,25.3,2025-07-31,,,2025-08-04 22:07:59.408815,2025-08-04 22:07:59.408815
462,13,mov00XKjBJtonJpbe6g8uLQRbXgp6af3pvkyV,"ONLINE DOMESTIC WIRE TRANSFER VIA: WELLS FARGO BANK, N.A./0407 A/C: MITCHELL SILBERBERG KNUPP LLP NEW YORK NY 10022 US SSN: 00258011 TRN: 3042885212ES 07/31",10000.0,2025-07-31,,,2025-08-04 22:07:59.401188,2025-08-04 22:07:59.401188
461,13,zqPVVZ5RJnU6kjvAy0L1Uw4357L8zPSdEny39,NON-CHASE ATM WITHDRAW 305117 07/31928 VAN N,48.0,2025-07-31,,,2025-08-04 22:07:59.392,2025-08-04 22:07:59.392
460,13,EvjmmYK0MPhKadyO1vkoiY6L59dZrDIJ9n0qn,J Mart,3.98,2025-07-31,,,2025-08-04 22:07:59.38245,2025-08-04 22:07:59.38245
358,9,04EdYPxK4LCLKe4EOAk8ux9EqrPnV1F961E76,Klarna,50.95,2025-07-31,1,2025-08-02 17:21:53.238618,2025-08-02 17:20:45.334896,2025-08-02 17:21:53.239462
459,13,gJB33d1k60uPkBOKeoxyU5rXbx0y7QH30KwEv,Frontera Grill B11,22.05,2025-07-31,,,2025-08-04 22:07:59.374112,2025-08-04 22:07:59.374112
356,9,vvoAne7YvQCMRjpage6Nu0A4Px37DJfpwLJy5,Amazon,9.99,2025-07-31,1,2025-08-02 17:22:02.819111,2025-08-02 17:20:45.317789,2025-08-02 17:22:02.81943
362,9,pBdq5eONB9HMyOA5oZNRum6knLjvZ8HAp0rdL,Web Authorized Pmt Paypal,6.6,2025-07-31,2,2025-08-02 17:21:36.954872,2025-08-02 17:20:45.362137,2025-08-02 17:21:36.955171
361,9,XJMQdObqJ1HJoxZOgEwOTYrxb4XXvPca6QVVD,Theverge,7.0,2025-07-31,1,2025-08-02 17:21:40.207849,2025-08-02 17:20:45.356059,2025-08-02 17:21:40.208144
360,9,AQmr6ZD7QxsxP8d5zJvZHgLmqk7MXOHwma5p1,Nytimes Disc,4.0,2025-07-31,1,2025-08-02 17:21:44.304042,2025-08-02 17:20:45.350069,2025-08-02 17:21:44.304333
359,9,pBdq5eONB9HMyOA5oZN5HXrYq0bb58C4ardd9,Kristoffer's Cafe & Ba,10.54,2025-07-31,2,2025-08-02 17:21:49.076635,2025-08-02 17:20:45.340876,2025-08-02 17:21:49.078472
411,12,eAemag4akzsZar3M83aOf1ER7mMXbLsaE1r5M,Web Authorized Pmt Paypal,6.6,2025-07-31,,,2025-08-04 21:06:01.80709,2025-08-04 21:06:01.80709
410,12,EPgaR15ReohvqOQApQqefJRwXPMvm0CEBaz7E,Nytimes Disc,4.0,2025-07-31,,,2025-08-04 21:06:01.797931,2025-08-04 21:06:01.797931
409,12,VZV98yL8e5SByELdqLyvco09pYMrOnskNLBDX,Kristoffer's Cafe & Ba,10.54,2025-07-31,,,2025-08-04 21:06:01.792461,2025-08-04 21:06:01.792461
408,12,Q4VmRwnReosLDY3b63DQfkvKaXPErgiJmj6Rd,Klarna,50.95,2025-07-31,,,2025-08-04 21:06:01.786292,2025-08-04 21:06:01.786292
407,12,RaE9R6pReoHD0YjqLj06C0aNjQZK9wC1DRYPo,Amazon,9.99,2025-07-31,,,2025-08-04 21:06:01.779659,2025-08-04 21:06:01.779659
536,14,jbw3KApBvjUpdBB69aBZiE3Rkrny0DHvd4b0v,State Bird Provision,380.84,2025-07-31,,,2025-08-04 22:31:14.445716,2025-08-04 22:31:14.445716
535,14,3mLna0wExNfAabbg45brSAO49EJYNDuPr8ObX,Crews,39.12,2025-07-31,,,2025-08-04 22:31:14.439273,2025-08-04 22:31:14.439273
534,14,kZ6ykgp3vjU6vddLYrdZHK9opxVLMRCbrgKM4,Starbucks,25.53,2025-07-31,,,2025-08-04 22:31:14.430354,2025-08-04 22:31:14.430354
533,14,yPj41RpZ3EtB8xxroexdhzdPyxwmrOtRK6J0v,Saint Frank Coffee,25.3,2025-07-31,,,2025-08-04 22:31:14.4216,2025-08-04 22:31:14.4216
532,14,541ndJLQ5NC0z445bw4yi06Lqb1xRZHN7XA5p,"ONLINE DOMESTIC WIRE TRANSFER VIA: WELLS FARGO BANK, N.A./0407 A/C: MITCHELL SILBERBERG KNUPP LLP NEW YORK NY 10022 US SSN: 00258011 TRN: 3042885212ES 07/31",10000.0,2025-07-31,,,2025-08-04 22:31:14.415274,2025-08-04 22:31:14.415274
531,14,Z0pXgyaMeQCv544pBX4gHe1a9kEN3Ks8qALpn,NON-CHASE ATM WITHDRAW 305117 07/31928 VAN N,48.0,2025-07-31,,,2025-08-04 22:31:14.408844,2025-08-04 22:31:14.408844
530,14,vLAg6OpxmEC1g66vPn6EcaxoqDyK8mFp9Rvom,J Mart,3.98,2025-07-31,,,2025-08-04 22:31:14.402785,2025-08-04 22:31:14.402785
529,14,BK4xA3jBQOuLoQQd0gQOH9ZzAgPY87cvzoO6y,Frontera Grill B11,22.05,2025-07-31,,,2025-08-04 22:31:14.396785,2025-08-04 22:31:14.396785
537,14,Kd8PgQNrO4ULMggnEbgPHPbwBde09mfyekz0e,The Progress,100.61,2025-07-31,,,2025-08-04 22:31:14.451503,2025-08-04 22:31:14.451503
538,14,rJ3raXpjxRHnRPPyBePZi9XZLeAnbBcr6yn3w,United Airlines,8.0,2025-07-31,,,2025-08-04 22:31:14.457297,2025-08-04 22:31:14.457297
473,13,P1gnnM83Prt8p3JYK6b4Snxr3KZdzXI1zA43E,Uber,23.45,2025-07-30,,,2025-08-04 22:07:59.498783,2025-08-04 22:07:59.498783
474,13,LwMjjL4b6At4R1M0Y6aDtE6orvmY1zimzBr4g,Uber,27.91,2025-07-30,,,2025-08-04 22:07:59.505805,2025-08-04 22:07:59.505805
475,13,bnLDDqdomyuBPJpvVxArT5Z0YxnQzvHgMDyaX,Bittersweet Pastry,61.76,2025-07-30,,,2025-08-04 22:07:59.51218,2025-08-04 22:07:59.51218
412,12,n8eVpRgpJwSL3w6qO63JfYo7dQ8r6ku7e4o6V,Amazon,53.42,2025-07-30,,,2025-08-04 21:06:01.814249,2025-08-04 21:06:01.814249
540,14,P1mKg3R8daUnjeekKoevikw8j37pNAsOdkbX4,Amazon,56.19,2025-07-30,,,2025-08-04 22:31:14.471176,2025-08-04 22:31:14.471176
541,14,963xDJqNK8faM00zNB0diaeAb1ov9qF6L78w1,Uber,14.82,2025-07-30,,,2025-08-04 22:31:14.47766,2025-08-04 22:31:14.47766
542,14,VKoXgM87yxu5oPPprOPecPwbozOVyjfndq5Ex,Uber,18.0,2025-07-30,,,2025-08-04 22:31:14.483509,2025-08-04 22:31:14.483509
545,14,qJBr4op0jgHdyvv37avoHEqr6ONjbJH1zXAey,Bittersweet Pastry,61.76,2025-07-30,,,2025-08-04 22:31:14.503096,2025-08-04 22:31:14.503096
470,13,oJjOOoAnyZuNLjpZ7D0yUnPRD50NpoIovbe0R,Amazon,56.19,2025-07-30,,,2025-08-04 22:07:59.477761,2025-08-04 22:07:59.477761
471,13,DA0BBKyOM1Iy4kVNQ8nZiOYL6BpPvqiVkRB3L,Uber,14.82,2025-07-30,,,2025-08-04 22:07:59.484492,2025-08-04 22:07:59.484492
363,9,dEgnkeqwErCKOXor04erUAxBMzjj9YCQDpqqQ,Amazon,53.42,2025-07-30,1,2025-08-02 17:22:04.484173,2025-08-02 17:20:45.368523,2025-08-02 17:22:04.484475
472,13,1vrPP9O7MYhX8n7d0xjoS3bjJrvd6ncjkgL8x,Uber,18.0,2025-07-30,,,2025-08-04 22:07:59.491881,2025-08-04 22:07:59.491881
544,14,7dqx6R1pNOUrYQQR1zQ5cp0eOPnmEYC8aPkpv,Uber,27.91,2025-07-30,,,2025-08-04 22:31:14.497437,2025-08-04 22:31:14.497437
543,14,OD8yEBXJ54fAqNNRQONzS6dwqD5EXgCpzk5bE,Uber,23.45,2025-07-30,,,2025-08-04 22:31:14.489416,2025-08-04 22:31:14.489416
553,14,M68BgPRarbfBbvv3OZvEhg6BbJD87pT071R9a,Uber,48.74,2025-07-29,,,2025-08-04 22:31:14.557115,2025-08-04 22:31:14.557115
476,13,yP188AZRxnSwkA7Xov4DsYLZxV4M7JI35gdxE,Acorns,10.0,2025-07-29,,,2025-08-04 22:07:59.522052,2025-08-04 22:07:59.522052
477,13,Kdg006rQwkTr0KJ9Ej4ZiLVjd63JK8f1Pm87O,Hey Email,34.0,2025-07-29,,,2025-08-04 22:07:59.530961,2025-08-04 22:07:59.530961
478,13,JmMvvwjydKHjBaMN7K5kUoZjz1xy09FX17Z38,The Home Depot,620.0,2025-07-29,,,2025-08-04 22:07:59.537469,2025-08-04 22:07:59.537469
479,13,x1D77V8mantdbmRQVAkLsrLAXYk80vIJEK0pP,Il Sos Dl Id,36.0,2025-07-29,,,2025-08-04 22:07:59.543828,2025-08-04 22:07:59.543828
480,13,Z0gnnbMyj6S9YR8EBk6rSL7qkjPJMAfVnkBPB,Martinez Supermarket,8.05,2025-07-29,,,2025-08-04 22:07:59.550564,2025-08-04 22:07:59.550564
481,13,8wLAAOXJMYtqKya9o7D1S51L0EvzmDHJwvek0,Martinez Supermarket,150.48,2025-07-29,,,2025-08-04 22:07:59.558516,2025-08-04 22:07:59.558516
482,13,3maBB9E0eYHoMjv64O3Vu8zoEB5073C7NA4Bm,Uber,36.58,2025-07-29,,,2025-08-04 22:07:59.565513,2025-08-04 22:07:59.565513
364,9,Y8rZwVbB8mFORB57eEbECJzNaM7AnvfwNvVXq,Web Authorized Pmt Cardmember Serv,190.72,2025-07-29,2,2025-08-02 17:22:09.14864,2025-08-02 17:20:45.39535,2025-08-02 17:22:09.148908
483,13,qJ488Z0oknuLx4JD7PZguYaBOnZMRPIBKE3vL,Uber,48.74,2025-07-29,,,2025-08-04 22:07:59.574785,2025-08-04 22:07:59.574785
484,13,BKAPP1B3RmUBY8b30P6pTojRge13rbFdK7JkJ,Uber,111.39,2025-07-29,,,2025-08-04 22:07:59.582717,2025-08-04 22:07:59.582717
485,13,54dyy9QJMYimpL7Db6AKSADjbNEvwPI6Z4Pme,Yvolina's Tamales,63.68,2025-07-29,,,2025-08-04 22:07:59.590479,2025-08-04 22:07:59.590479
413,12,YwVR79m7dQSKPEm9ymPocd6307MQYvf9B3PgD,Web Authorized Pmt Cardmember Serv,190.72,2025-07-29,,,2025-08-04 21:06:01.828205,2025-08-04 21:06:01.828205
551,14,Lw8qMbR40YcEkooBYZo5idJA3rwRnBHJvwR9X,Martinez Supermarket,150.48,2025-07-29,,,2025-08-04 22:31:14.540915,2025-08-04 22:31:14.540915
550,14,DA8x0ORyn4hOEvvdQzvruN9xE654kRUXy1OJm,Martinez Supermarket,8.05,2025-07-29,,,2025-08-04 22:31:14.53492,2025-08-04 22:31:14.53492
549,14,wDvRLqpJoEfndyy0q1yOi6gEBeOa8oCRx1DPN,Il Sos Dl Id,36.0,2025-07-29,,,2025-08-04 22:31:14.527771,2025-08-04 22:31:14.527771
548,14,6aPewbDnz7IjoXXLDZXKTjb3dBaqArIAD5pMz,The Home Depot,620.0,2025-07-29,,,2025-08-04 22:31:14.521912,2025-08-04 22:31:14.521912
552,14,Rq8AgbR56Ki8Jzzv3RzdfPLr0z9xdqf9pzBnj,Uber,36.58,2025-07-29,,,2025-08-04 22:31:14.549096,2025-08-04 22:31:14.549096
547,14,nbmA0XpkRrUNZXXPe9XDCxagY164DAFjYya3o,Hey Email,34.0,2025-07-29,,,2025-08-04 22:31:14.514974,2025-08-04 22:31:14.514974
546,14,QPbkgBRZw7tRk99AJz9aI86NkZrod4U95ndLv,Acorns,10.0,2025-07-29,,,2025-08-04 22:31:14.508832,2025-08-04 22:31:14.508832
555,14,1vwnr7JOZmFKwQQr0bQJsKxpgJaDLXCYOK63J,Yvolina's Tamales,63.68,2025-07-29,,,2025-08-04 22:31:14.579783,2025-08-04 22:31:14.579783
554,14,Evndj0RK14FYJZZw1jZVcNeoJ5maznUdeYLPo,Uber,111.39,2025-07-29,,,2025-08-04 22:31:14.570832,2025-08-04 22:31:14.570832
559,14,oJPrjnpABkH6qVVm7nVBHz6QbDjE8BtrnxQKD,Uber,20.17,2025-07-28,,,2025-08-04 22:31:14.612142,2025-08-04 22:31:14.612142
563,14,pJqxrmpv0VH6oNNBeXNaHXLRwZa0rJFAXV6yM,Venmo,165.14,2025-07-28,,,2025-08-04 22:31:14.641317,2025-08-04 22:31:14.641317
562,14,zqraPRd5vEi3dzzgynzwhYX0K56oVOTM1x5Vo,United Airlines,734.77,2025-07-28,,,2025-08-04 22:31:14.633805,2025-08-04 22:31:14.633805
561,14,dRnL1ya6AjUD0een7beRcAa6Vrwzxbuowr4MR,United Airlines,734.77,2025-07-28,,,2025-08-04 22:31:14.626127,2025-08-04 22:31:14.626127
560,14,bnZwLoMd1jUj3kkYVXkNTKw63YXrMqCPVbrKV,Uber,48.93,2025-07-28,,,2025-08-04 22:31:14.61888,2025-08-04 22:31:14.61888
558,14,XAQXgraVBohkgwwQbYwPhYLRgAw4raTzDpXxv,GitHub,24.0,2025-07-28,,,2025-08-04 22:31:14.604092,2025-08-04 22:31:14.604092
557,14,541ndJLQ5NC0z445bw4yi06Lqb1xRZHN7XA5r,Acorns,10.0,2025-07-28,,,2025-08-04 22:31:14.595938,2025-08-04 22:31:14.595938
556,14,moDkvjpKa8cvjaa1eBaPHmEDxbPJwMC8AOZzb,Amazon,20.44,2025-07-28,,,2025-08-04 22:31:14.587192,2025-08-04 22:31:14.587192
493,13,kZkAAD3gPaSpBXENYzoRfJeAxXdZm6H38vJBn,Venmo,165.14,2025-07-28,,,2025-08-04 22:07:59.64606,2025-08-04 22:07:59.64606
492,13,rJa88ZjXmNuNdap1BqK4UOJje1KMzDiaQw4jR,United Airlines,734.77,2025-07-28,,,2025-08-04 22:07:59.639484,2025-08-04 22:07:59.639484
491,13,aJ6LLyNDZ3ura68omNYXijRkoJaDxMf9Q1k3A,United Airlines,734.77,2025-07-28,,,2025-08-04 22:07:59.631179,2025-08-04 22:07:59.631179
490,13,wDL88xJq4XTQLg5DqkA6TwZqeVAMpNSyAvpoL,Uber,48.93,2025-07-28,,,2025-08-04 22:07:59.624072,2025-08-04 22:07:59.624072
489,13,dR1PPq6ybkiVgMN478dBUL1prMO4BDfyZQJj0,Uber,20.17,2025-07-28,,,2025-08-04 22:07:59.617919,2025-08-04 22:07:59.617919
488,13,Ayk11DqKM6uqBRbJgY9ZS6NvXZgEaYIbLne0v,GitHub,24.0,2025-07-28,,,2025-08-04 22:07:59.612141,2025-08-04 22:07:59.612141
487,13,vL6887xOrnizLmXePK0NTNB1Dd0MeYtka06jB,Acorns,10.0,2025-07-28,,,2025-08-04 22:07:59.606111,2025-08-04 22:07:59.606111
486,13,4rx33zRNMYhYm3P9RjLOSbAgPreOB1fJVn5z4,Amazon,20.44,2025-07-28,,,2025-08-04 22:07:59.597369,2025-08-04 22:07:59.597369
423,12,byeXM10M3gUx8v46a48Zh3EVeD1dX7s97m1vK,ExpressVPN,12.95,2025-07-28,,,2025-08-04 21:06:01.88871,2025-08-04 21:06:01.88871
422,12,9Y0mqKkqVOhQbj6Y86b3SbYkVmNxo4CybKQKp,Anticonquista Cafe,34.45,2025-07-28,,,2025-08-04 21:06:01.882909,2025-08-04 21:06:01.882909
421,12,5YK8L5BLbzh6qDkY9kq3fq4nJ8ay1msVkKozK,Vercel Inc.,20.0,2025-07-28,,,2025-08-04 21:06:01.877607,2025-08-04 21:06:01.877607
420,12,VZV98yL8e5SByELdqLyvco09pYMrOnskNLBL9,Ra Rasterwise.co,5.0,2025-07-28,,,2025-08-04 21:06:01.871722,2025-08-04 21:06:01.871722
419,12,Z6V7aeqaw5hk3EqLKq37u9yowngRE4sv6xO77,Nateb Natebjones.co Newsmentor Natebjones.co,8.0,2025-07-28,,,2025-08-04 21:06:01.865412,2025-08-04 21:06:01.865412
418,12,znepdvwdYAu07ArOpr7ofKpmjR1b6EfK93yYZ,Mobile Banking Payment To Credit Card 6397 07/26,190.72,2025-07-28,,,2025-08-04 21:06:01.858269,2025-08-04 21:06:01.858269
417,12,OjVmX5RXeoswKY4nd4K7SqPR9pO85zs4K3Y3d,Medium Monthly,5.0,2025-07-28,,,2025-08-04 21:06:01.852903,2025-08-04 21:06:01.852903
416,12,oZevpB7p86SDeZO9aOedCbdJykgvjeCOjP75p,Figma,22.2,2025-07-28,,,2025-08-04 21:06:01.847568,2025-08-04 21:06:01.847568
415,12,g0eVagxavMsoJKd35dJruPaenj4gN1HA1DRDL,Amazon,49.6,2025-07-28,,,2025-08-04 21:06:01.842198,2025-08-04 21:06:01.842198
414,12,7YAb1Ny17VhZOVde3dOkfOyAg9dbnRUYmqNqZ,Amazon,34.74,2025-07-28,,,2025-08-04 21:06:01.835323,2025-08-04 21:06:01.835323
369,9,5ZE1YK97ZBHBnOZezD4dIJowbXzq35CNZKqAA,Nateb Natebjones.co Newsmentor Natebjones.co,8.0,2025-07-28,1,2025-08-02 17:22:32.668924,2025-08-02 17:20:45.430058,2025-08-02 17:22:32.669205
370,9,Ok08jVMakRTkbxvoqYNZS9KYDayqQMipn3w9a,Ra Rasterwise.co,5.0,2025-07-28,2,2025-08-02 17:22:30.151541,2025-08-02 17:20:45.455584,2025-08-02 17:22:30.151788
371,9,om1PZeogm7FEbzvwqZVRSyqpDLrb1XIrvP8QL,Vercel Inc.,20.0,2025-07-28,2,2025-08-02 17:22:26.965319,2025-08-02 17:20:45.473327,2025-08-02 17:22:26.965697
365,9,9g93Y0nLgkHkqEgpMj0DSVRj1wMb3Bt6OKA8V,Amazon,34.74,2025-07-28,1,2025-08-02 17:22:43.830003,2025-08-02 17:20:45.402458,2025-08-02 17:22:43.830549
372,9,VaAoZVb1aLuaRQJ4oEPYSpa3zDgomNUnyLR5E,Anticonquista Cafe,34.45,2025-07-28,2,2025-08-02 17:22:16.06813,2025-08-02 17:20:45.489314,2025-08-02 17:22:16.068506
366,9,7ogqYAZwoyTy49pwYVQJTgJZP5oOkLH8dqykq,Amazon,49.6,2025-07-28,1,2025-08-02 17:22:42.05205,2025-08-02 17:20:45.408034,2025-08-02 17:22:42.052357
373,9,gnAZ0edDnxHv0ngRbKwqInM7bk6POmH60Dg49,ExpressVPN,12.95,2025-07-28,2,2025-08-02 17:22:11.646619,2025-08-02 17:20:45.505329,2025-08-02 17:22:11.646835
367,9,bOKZyeqBO0hOnMED3vkyueazYPA3RLuPMmprL,Figma,22.2,2025-07-28,1,2025-08-02 17:22:38.741054,2025-08-02 17:20:45.413578,2025-08-02 17:22:38.744398
368,9,MyA8vYDQyMiyM0k7bxvDTzQAJX1b9ZF0JV8wg,Medium Monthly,5.0,2025-07-28,2,2025-08-02 17:22:36.437775,2025-08-02 17:20:45.421109,2025-08-02 17:22:36.438201
343,9,48EDYyz58qFqJB8zX96esYe6P8xD8Vtneq08L,Mobile Banking Payment To Credit Card 07/26 6397,190.72,2025-07-28,0,2025-07-28 08:56:58.026388,2025-07-28 08:56:44.49274,2025-07-28 08:56:58.056883
344,9,om1PZeogm7FEbzvwqZV5Tz0yDOYjOLFbpOayq,Medium Monthly,5.0,2025-07-27,2,2025-07-28 08:57:02.615398,2025-07-28 08:56:44.559466,2025-07-28 08:57:02.623512
310,9,5ZE1YK97ZBHBnOZezD4OH9QAPnVemDHNjazpp,Anticonquista Cafe,34.45,2025-07-26,1,2025-07-27 17:53:37.241345,2025-07-27 17:53:21.308894,2025-07-27 17:53:37.253302
309,9,ZZvp6VbdZqHwPNoa5E4NTBpLAoDd47H8Yd7Zn,Amazon,49.6,2025-07-26,1,2025-07-27 17:53:42.222409,2025-07-27 17:53:21.296569,2025-07-27 17:53:42.224888
308,9,8m1BYvO6mKFXAnmMb9ZnH635DkZrY1UYbnr67,Amazon,34.74,2025-07-26,2,2025-07-27 17:53:45.050828,2025-07-27 17:53:21.27894,2025-07-27 17:53:45.052673
311,9,JqOYKVw5q9UqzQ3VANYQSXDo9PrKVZf0JRVLP,ExpressVPN,12.95,2025-07-26,2,2025-07-27 17:53:33.350353,2025-07-27 17:53:21.328737,2025-07-27 17:53:33.439544
317,9,R048aEMw0pIpOQrEJYzQFEV8mNgJw6C9x3Pkj,Wrpv Xiii Nht Chic,60.0,2025-07-25,0,2025-07-27 17:53:58.21311,2025-07-27 17:53:21.397712,2025-07-27 17:53:58.213431
313,9,7ogqYAZwoyTy49pwYVQ9cBDKNAr7RwH8VLr9v,Figma,22.2,2025-07-25,1,2025-07-27 17:55:00.372168,2025-07-27 17:53:21.356873,2025-07-27 17:55:00.372644
312,9,E6JnPgYZ65H69XD5JOZXIpqYDwjA06IdmD7Ao,Coffey Bros. Moving App.smartmovi,260.0,2025-07-25,0,2025-07-27 17:55:04.086574,2025-07-27 17:53:21.347594,2025-07-27 17:55:04.087217
315,9,bOKZyeqBO0hOnMED3vkMSkb5vVBp7ZSPEYvQ7,Rasterwise,5.0,2025-07-25,0,2025-07-27 17:54:53.583036,2025-07-27 17:53:21.374552,2025-07-27 17:54:53.586372
314,9,VaAoZVb1aLuaRQJ4oEPbto9YQPmye8sjB8D9Y,Natebjones News,8.0,2025-07-25,1,2025-07-27 17:54:56.354226,2025-07-27 17:53:21.364731,2025-07-27 17:54:56.354862
316,9,Ok08jVMakRTkbxvoqYNVtqRpB6QXejtgYD165,Vercel Inc.,20.0,2025-07-25,2,2025-07-27 17:54:02.643841,2025-07-27 17:53:21.387387,2025-07-27 17:54:02.646107
320,9,NKQ80V15KEHKZ6AR97DoI9bk8PmjAyFLw0nez,Ventra,10.0,2025-07-24,0,2025-07-27 18:04:50.514028,2025-07-27 17:53:21.479481,2025-07-27 18:04:50.516344
319,9,m1gDJeXy1bhOxXyqjbaLFxONdmkwRrFvkJYgK,Uber,11.06,2025-07-24,2,2025-07-27 18:04:54.440523,2025-07-27 17:53:21.452894,2025-07-27 18:04:54.441114
321,9,eRK9AeB6R4Ckz4XqErQAt1RmeYJ6Vvtbr5omQ,Ventra,10.0,2025-07-24,0,2025-07-27 17:56:13.534421,2025-07-27 17:53:21.489534,2025-07-27 17:56:13.534812
318,9,z4orneZN4wCMRebEdAzJHKmR9YNV3DhnyqY00,Amazon Go,6.78,2025-07-24,0,2025-07-27 18:04:57.763883,2025-07-27 17:53:21.417552,2025-07-27 18:04:57.764188
322,9,5ZE1YK97ZBHBnOZezD4Msqn8O03RjQt4oRz0N,Web Authorized Pmt Paypal,17.61,2025-07-24,2,2025-07-27 17:56:05.195564,2025-07-27 17:53:21.499454,2025-07-27 17:56:05.196114
323,9,Y8rZwVbB8mFORB57eEbjFd37rNBPkVtqPgjkR,Kona-ice Of Arling,5.5,2025-07-24,2,2025-07-27 17:55:59.775023,2025-07-27 17:53:21.507611,2025-07-27 17:55:59.775283
324,9,XJMQdObqJ1HJoxZOgEwmugk87Ymr3eFabkQAw,Patreonirel,7.96,2025-07-24,1,2025-07-27 17:55:06.882339,2025-07-27 17:53:21.519519,2025-07-27 17:55:06.882708
325,9,E6JnPgYZ65H69XD5JOkkuj0mLxbQQ0IZMyMb5,Amazon,9.7,2025-07-23,1,2025-07-27 18:05:12.959336,2025-07-27 17:53:21.532076,2025-07-27 18:05:12.959717
326,9,QvQb4VMdvnCvwej7kY00S3grjOeYYgtwvZvqM,Anthropic,222.0,2025-07-23,1,2025-07-27 18:05:10.037439,2025-07-27 17:53:21.540233,2025-07-27 18:05:10.037675
327,9,MyA8vYDQyMiyM0k7bx11C4eDEVdZZeIBbjbaB,ComEd,283.52,2025-07-23,0,2025-07-27 18:05:06.875106,2025-07-27 17:53:21.549864,2025-07-27 18:05:06.875404
328,9,R048aEMw0pIpOQrEJYnnigw9veRMMwTK0v0m1,Elevenlabs.io,5.55,2025-07-23,1,2025-07-27 18:05:04.059885,2025-07-27 17:53:21.564597,2025-07-27 18:05:04.060869
329,9,3JOLY39ZJPHPQeJ0a63Rhz09rpwy3wfoKDNKq,Uber,9.47,2025-07-23,2,2025-07-27 18:05:00.224255,2025-07-27 17:53:21.575618,2025-07-27 18:05:00.224579
331,9,ry73NeZ0yOiMw7rDR1KdFPMXEerr95Urj6nQy,Uber,14.08,2025-07-22,1,2025-07-27 18:05:18.189622,2025-07-27 17:53:21.595733,2025-07-27 18:05:18.189926
332,9,w0jvXYxN0nIMjYvZdDAJSZMBL19kN9UKLdAL1,Peoples Gas,293.12,2025-07-22,0,2025-07-27 18:05:15.356728,2025-07-27 17:53:21.602549,2025-07-27 18:05:15.357009
330,9,dEgnkeqwErCKOXor04d1u14VyKenDeFKb0Zbq,Monthly Maintenance Fee,12.0,2025-07-22,1,2025-07-27 18:05:25.183723,2025-07-27 17:53:21.583395,2025-07-27 18:05:25.184067
341,9,3JOLY39ZJPHPQeJ0a63MCM0OqErrAwcPMrONg,Google One,9.99,2025-07-21,1,2025-07-27 18:05:32.000962,2025-07-27 17:53:21.670453,2025-07-27 18:05:32.002148
342,9,PAZmrVM5AQCAZ107jYbpIYdwV311k9fO5dbz9,Oud Coffee & Cafe,21.5,2025-07-21,2,2025-07-27 18:05:28.146456,2025-07-27 17:53:21.67638,2025-07-27 18:05:28.146958
333,9,yr7jneANrdfM0g1K8X4kFAMd9xggzncRPKJ5y,Amazon,41.72,2025-07-21,2,2025-07-27 18:05:55.189843,2025-07-27 17:53:21.612874,2025-07-27 18:05:55.190192
334,9,04EdYPxK4LCLKe4EOAYBCZpr9VkkYnU9BkDY0,Amazon,112.75,2025-07-21,1,2025-07-27 18:05:52.630297,2025-07-27 17:53:21.62121,2025-07-27 18:05:52.630686
335,9,kLw6aeDBL5f4mA01vNoBSNZ9gx33K7HbZrK8A,Every Every.to,20.0,2025-07-21,1,2025-07-27 18:05:49.689121,2025-07-27 17:53:21.632148,2025-07-27 18:05:49.689426
289,9,ry73NeZ0yOiMw7rDR1KwTL4yx6wkw7FV5qaXm,Amazon,9.7,2025-07-21,1,2025-07-22 23:44:20.2357,2025-07-22 23:44:12.374936,2025-07-22 23:44:20.237439
336,9,BnN4m51ZnJHJRNw7o36YCa3Z5gDD9VFvRzOKE,Lyft,12.34,2025-07-21,2,2025-07-27 18:05:46.168625,2025-07-27 17:53:21.63826,2025-07-27 18:05:46.168866
339,9,AQmr6ZD7QxsxP8d5zJ9Bu0EkLX44QMtwxvOLe,Uber,16.0,2025-07-21,2,2025-07-27 18:05:38.536336,2025-07-27 17:53:21.65808,2025-07-27 18:05:38.536558
340,9,KB98kX6EBVHpRxy7M940cxJbXdMMPZFyKezPq,Windsurf,16.65,2025-07-21,2,2025-07-27 18:05:34.889622,2025-07-27 17:53:21.66442,2025-07-27 18:05:34.900865
338,9,vvoAne7YvQCMRjpage0LFbMxADRRa7tpP9va1,Beauty Bar,15.45,2025-07-21,2,2025-07-27 18:05:41.099583,2025-07-27 17:53:21.652558,2025-07-27 18:05:41.10019
337,9,q3wBneZy3VSMAB15yDZxFVMqLOKKEeH15zAKM,Midjourney Inc. Midjourney.co,10.0,2025-07-21,1,2025-07-27 18:05:43.849042,2025-07-27 17:53:21.645208,2025-07-27 18:05:43.849337
291,9,QvQb4VMdvnCvwej7kY0xcQED6QqLzPf9OrZXm,Beauty Bar,15.45,2025-07-20,2,2025-07-22 23:44:27.964234,2025-07-22 23:44:12.399717,2025-07-22 23:44:27.965094
292,9,PAZmrVM5AQCAZ107jYbjuvPn80XL67F7ZXLY7,Windsurf,16.65,2025-07-20,2,2025-07-22 23:44:22.739442,2025-07-22 23:44:12.410062,2025-07-22 23:44:22.74004
290,9,nPDm8eZKPgfMYmrdZwRotJreaJPN08CjB9dDr,Every Every.to,20.0,2025-07-20,1,2025-07-22 23:44:31.468675,2025-07-22 23:44:12.390682,2025-07-22 23:44:31.469086
295,9,NKQ80V15KEHKZ6AR97vqFeRqVeg8L6HyokqVk,Uber,15.42,2025-07-19,1,2025-07-22 23:44:39.872884,2025-07-22 23:44:12.435031,2025-07-22 23:44:39.873359
294,9,dEgnkeqwErCKOXor04doTE1gVbLPoPhQJwJB4,Amazon,112.75,2025-07-19,1,2025-07-22 23:44:43.822818,2025-07-22 23:44:12.428376,2025-07-22 23:44:43.823145
293,9,m1gDJeXy1bhOxXyqjbgyuqQnxMLrBrivkAkXe,Amazon,41.72,2025-07-19,2,2025-07-22 23:44:46.45121,2025-07-22 23:44:12.421309,2025-07-22 23:44:46.451953
297,9,w0jvXYxN0nIMjYvZdDAvc0ZJBowyKyUvpxpVq,MidJourney,10.0,2025-07-18,1,2025-07-22 23:45:02.13246,2025-07-22 23:44:12.483324,2025-07-22 23:45:02.132875
296,9,1azwYq95aDuDm4aZwdjaFzbygX3ERECgLOLwa,Amazon,11.01,2025-07-18,2,2025-07-22 23:45:22.234659,2025-07-22 23:44:12.453989,2025-07-22 23:45:22.236434
257,11,pZ4X33jAYgsVrrzmRa57U83bVRgO7xHaqpYMZ,MidJourney,10.0,2025-07-18,1,2025-07-19 03:07:44.328729,2025-07-19 03:07:15.522635,2025-07-19 03:07:44.347054
299,9,PAZmrVM5AQCAZ107jYb0sYxajAnVJVCA4d49Q,Uber,11.12,2025-07-18,1,2025-07-22 23:44:49.693664,2025-07-22 23:44:12.515993,2025-07-22 23:44:49.694013
298,9,q3wBneZy3VSMAB15yDZ1cVax6JYLDLtE3z3d5,N8n Cloud,24.0,2025-07-18,2,2025-07-22 23:44:55.804518,2025-07-22 23:44:12.499153,2025-07-22 23:44:55.804934
261,11,YdpAPPR1xDSgXXPL4q7Jcm9pJEXo8ZF9yLv8Y,Oud Coffee & Cafe,21.5,2025-07-17,2,2025-07-19 03:07:48.880708,2025-07-19 03:07:15.574221,2025-07-19 03:07:48.881635
260,11,Xe8kDD9m0LUAjjr50PONhP6XdRpq1Vf6RYE1O,Uber,11.12,2025-07-17,2,2025-07-19 03:07:52.642738,2025-07-19 03:07:15.567972,2025-07-19 03:07:52.643395
301,9,9g93Y0nLgkHkqEgpMjZJTx6PM6bwj4UogkD8x,Oud Coffee & Cafe,21.5,2025-07-17,2,2025-07-22 23:45:30.003457,2025-07-22 23:44:12.538194,2025-07-22 23:45:30.003883
300,9,7ogqYAZwoyTy49pwYVBNibq6oqO5ZRFA0Djk8,Lyft,12.34,2025-07-17,2,2025-07-22 23:45:36.987036,2025-07-22 23:44:12.523915,2025-07-22 23:45:36.987407
259,11,ekMoVVm1vjFjPPa5KJqVsB0rnw3OAgFap0Bqa,N8N,24.0,2025-07-17,2,2025-07-19 03:07:55.827703,2025-07-19 03:07:15.562126,2025-07-19 03:07:55.828426
258,11,NYJZgg9P6bcXrrbvj3RNcn3DoMzeO4U3VmjMb,Lyft,12.34,2025-07-17,2,2025-07-19 03:07:58.52523,2025-07-19 03:07:15.55447,2025-07-19 03:07:58.526047
263,11,zYLg99pOjDcqjj7L1wE4uBvAx0y4ZkFKo7eXJ,Google One,9.99,2025-07-16,1,2025-07-19 03:08:01.285206,2025-07-19 03:07:15.589451,2025-07-19 03:08:01.286215
262,11,mx4mLLnAr5SrJJEg8PqMUvBAoD4QqnINXabwZ,Amazon,11.01,2025-07-16,1,2025-07-19 03:08:03.789157,2025-07-19 03:07:15.582038,2025-07-19 03:08:03.789587
302,9,VaAoZVb1aLuaRQJ4oEg0Tr1qg1oD3nIK4Xw5X,Google One,9.99,2025-07-16,1,2025-07-22 23:45:41.883132,2025-07-22 23:44:12.546633,2025-07-22 23:45:41.883613
264,11,dK9o77VD40SYMMPdBRrzuYojK6n1EgUDBAYmV,Porkbun,11.08,2025-07-15,1,2025-07-19 03:08:07.304156,2025-07-19 03:07:15.598015,2025-07-19 03:08:07.304592
303,9,q3wBneZy3VSMAB15yDZwC95A8w4YRahxQvzg3,Porkbun,11.08,2025-07-15,1,2025-07-22 23:45:51.21573,2025-07-22 23:44:12.55254,2025-07-22 23:45:51.216036
304,9,kLw6aeDBL5f4mA01vNopC5p0oYVZMghor5r1A,Calendly,12.0,2025-07-14,1,2025-07-22 23:48:30.70346,2025-07-22 23:44:12.559057,2025-07-22 23:48:30.703982
181,9,kLw6aeDBL5f4mA01vNozHNkxNN344mIvkayQA,Web Authorized Pmt Paypal,39.66,2025-07-14,2,2025-07-14 20:09:51.852018,2025-07-14 20:09:45.58866,2025-07-14 20:09:51.880266
180,9,AQmr6ZD7QxsxP8d5zJ9YI0RX00477aInmXPKe,Web Authorized Pmt Paypal,9.99,2025-07-14,2,2025-07-14 20:09:57.132536,2025-07-14 20:09:45.572781,2025-07-14 20:09:57.134335
179,9,Ok08jVMakRTkbxvoqYywcZmDZZVBBYCgQbmr9,Porkbun,11.08,2025-07-14,1,2025-07-14 20:10:07.299172,2025-07-14 20:09:45.560307,2025-07-14 20:10:07.301442
221,10,wPeV3Akk0zSmdpQ1w3b6hZ9wB55YX4Cy5EAVn,Web Authorized Pmt Paypal,39.66,2025-07-14,2,2025-07-15 00:15:44.442119,2025-07-15 00:15:39.894026,2025-07-15 00:15:44.50818
220,10,6AjgoROO51TNoqMZkpmQU0LedYYZ69HyOe7PQ,Web Authorized Pmt Paypal,9.99,2025-07-14,1,2025-07-15 00:15:47.176215,2025-07-15 00:15:39.886192,2025-07-15 00:15:47.178121
219,10,xqdYyOAAjzfNP0dz6KeLULQr3VVzaotJP6EZ3,Porkbun,11.08,2025-07-14,2,2025-07-15 00:15:49.874606,2025-07-15 00:15:39.826488,2025-07-15 00:15:49.875949
265,11,6gyQ88mRN6faPPdgQKV8i9M673y0NxIYPn8BL,Calendly,12.0,2025-07-14,,,2025-07-19 03:07:15.603752,2025-07-19 03:07:15.603752
266,11,wVd5ZZOA9wi8ggPA6OZVH4KX1EkZ0JHrV7QnX,Descript,26.64,2025-07-14,,,2025-07-19 03:07:15.609255,2025-07-19 03:07:15.609255
267,11,JeJZaax6A8Uwaao5kvVmhYkd3nvZXLUkjKyZD,Web Authorized Pmt Paypal,9.99,2025-07-14,1,2025-07-19 03:08:17.752201,2025-07-19 03:07:15.614668,2025-07-19 03:08:17.752818
268,11,xYwZoovOB6cXmmjkLOyrcoOaDqyLwbCoZ7d0X,Web Authorized Pmt Paypal,39.66,2025-07-14,1,2025-07-19 03:08:13.955033,2025-07-19 03:07:15.624816,2025-07-19 03:08:13.955432
307,9,QvQb4VMdvnCvwej7kY0ZHYkEDVgk1MuO585RQ,Web Authorized Pmt Paypal,39.66,2025-07-14,2,2025-07-22 23:48:11.533795,2025-07-22 23:44:12.579918,2025-07-22 23:48:11.534365
306,9,nPDm8eZKPgfMYmrdZwR0uEYreqkYpLsBYzY6E,Web Authorized Pmt Paypal,9.99,2025-07-14,2,2025-07-22 23:48:16.151966,2025-07-22 23:44:12.5735,2025-07-22 23:48:16.152391
305,9,KB98kX6EBVHpRxy7M94rFaBzwneJ9XHEe9eJq,Descript,26.64,2025-07-14,2,2025-07-22 23:48:25.31037,2025-07-22 23:44:12.566725,2025-07-22 23:48:25.310745
182,9,E6JnPgYZ65H69XD5JOkvCpA5ppK33rtnOPX37,Calendly,12.0,2025-07-13,1,2025-07-14 20:10:14.332876,2025-07-14 20:09:45.597857,2025-07-14 20:10:14.333186
222,10,8049oaEEmqi6b3qJ0Ed1I1Y5KZZp8nfJq6wMp,Calendly,12.0,2025-07-13,,,2025-07-15 00:15:39.902266,2025-07-15 00:15:39.902266
183,9,MyA8vYDQyMiyM0k7bx1YhnqJnnMvvAHpv9zxq,Descript,26.64,2025-07-13,2,2025-07-14 20:10:10.754528,2025-07-14 20:09:45.603785,2025-07-14 20:10:10.755032
223,10,JEnek633qosdAZjeRX1kSZVoArrqdYCXNL1jp,Descript,26.64,2025-07-13,,,2025-07-15 00:15:39.910329,2025-07-15 00:15:39.910329
187,9,vvoAne7YvQCMRjpage0KsbpDbbR33eI0wnrE1,Web Authorized Pmt Paypal,6.6,2025-07-10,2,2025-07-14 20:10:17.198587,2025-07-14 20:09:45.664796,2025-07-14 20:10:17.199157
186,9,nPDm8eZKPgfMYmrdZwRLsVK1VV0NNLIp13wD3,Uber,30.68,2025-07-10,2,2025-07-14 20:10:23.110913,2025-07-14 20:09:45.658268,2025-07-14 20:10:23.111282
227,10,LQXevDKK3gIgkm4ZXQyDc6XE3DDqgbHmVLz15,Web Authorized Pmt Paypal,6.6,2025-07-10,,,2025-07-15 00:15:39.951918,2025-07-15 00:15:39.951918
224,10,5k0boRVVZDs9zPmwvMNKcDmAqVVOM5H6YpZv9,Cursor Ai Powered Ide,22.2,2025-07-10,,,2025-07-15 00:15:39.918002,2025-07-15 00:15:39.918002
225,10,ZAKwDPooZNTK5m9XznArh74L9DDQm8sV5Zn1p,Lo Lovable.dev,20.0,2025-07-10,,,2025-07-15 00:15:39.926887,2025-07-15 00:15:39.926887
184,9,QvQb4VMdvnCvwej7kY0LUBxZBBzLLMC4ALaXg,Cursor Ai Powered Ide,22.2,2025-07-10,2,2025-07-14 20:10:29.73169,2025-07-14 20:09:45.61036,2025-07-14 20:10:29.732107
185,9,R048aEMw0pIpOQrEJYnDfEJzEE4yy5cqXnjNR,Lo Lovable.dev,20.0,2025-07-10,2,2025-07-14 20:10:26.651808,2025-07-14 20:09:45.643565,2025-07-14 20:10:26.652274
272,11,89kzbbNa7DTeyyND1zMrinQ8dVx16wUZMoDeE,Web Authorized Pmt Paypal,6.6,2025-07-10,,,2025-07-19 03:07:15.656621,2025-07-19 03:07:15.656621
226,10,oRM8wxDDmzSaqkNnxP8yTPenbVVM7XFoVzvw0,Uber,30.68,2025-07-10,,,2025-07-15 00:15:39.942581,2025-07-15 00:15:39.942581
271,11,181xkkeQNVc1nngjoJZOTBR9kpmbzyFAw5PMB,Uber,30.68,2025-07-10,,,2025-07-19 03:07:15.647858,2025-07-19 03:07:15.647858
270,11,LeJnZZaDd5U711eaD5V8ib8gkAQ6ZLC815q6N,Lo Lovable.dev,20.0,2025-07-10,,,2025-07-19 03:07:15.640135,2025-07-19 03:07:15.640135
269,11,DeYDqqNrvjUDkkonZrP9frgV8xAY0XCgPe57A,Cursor Ai Powered Ide,22.2,2025-07-10,,,2025-07-19 03:07:15.631834,2025-07-19 03:07:15.631834
276,11,5b3gxx8Rewc1LLqAKyeXT5rMkLpD9XTVJrvPg,Zelle Instant Pmt To Easy Way Pest Control 20250709042000013p1bp2pusbtosfnlnpe,220.0,2025-07-09,,,2025-07-19 03:07:15.688554,2025-07-19 03:07:15.688554
274,11,35qzjj8QvMiBjj93Vr0XTbZxp4yzMVCLaX163,Amazon,20.89,2025-07-09,,,2025-07-19 03:07:15.669659,2025-07-19 03:07:15.669659
275,11,BeV0LL89EvUa88A6pO7XiXNOMzxjakCN1mBy6,Uber,4.99,2025-07-09,,,2025-07-19 03:07:15.677934,2025-07-19 03:07:15.677934
277,11,PebqOO9BD7UB33zb4v7NT5JMo8QxYaTJVL9v5,Adobe,25.35,2025-07-09,,,2025-07-19 03:07:15.70662,2025-07-19 03:07:15.70662
278,11,q5x9KKvXY7iK44NZgo5rTpD31rmaVxtnQRdwO,Patreonirel,4.5,2025-07-09,,,2025-07-19 03:07:15.713703,2025-07-19 03:07:15.713703
273,11,yY6Vgg9OoLcjAAV4DdKzsXpa6PBLAkCamwQEq,Amazon,41.23,2025-07-09,,,2025-07-19 03:07:15.662554,2025-07-19 03:07:15.662554
191,9,j6dw4mLq6ZHrmOLDdvg7UXxrXXAVVYCjEDa9E,Zelle Instant Pmt To Easy Way Pest Control 20250709042000013p1bp2pusbtosfnlnpe,220.0,2025-07-09,0,2025-07-14 20:10:46.357818,2025-07-14 20:09:45.707535,2025-07-14 20:10:46.358047
190,9,NKQ80V15KEHKZ6AR97vdhOaQOOL88YULmOEjv,Uber,4.99,2025-07-09,2,2025-07-14 20:10:53.295622,2025-07-14 20:09:45.699121,2025-07-14 20:10:53.296015
233,10,gb5vrqXXnNT5bAPz7VDyTr15PEEZRmH3Yp0Jz,Patreonirel,4.5,2025-07-09,,,2025-07-15 00:15:40.002465,2025-07-15 00:15:40.002465
232,10,bJa3k6EEONca35BXRqbrTZ753BBNoLCgZQMn8,Adobe,25.35,2025-07-09,,,2025-07-15 00:15:39.993722,2025-07-15 00:15:39.993722
231,10,1BK8oQbbadizw6Xbkv9otb13gAA59BHj9VkwO,Zelle Instant Pmt To Easy Way Pest Control 20250709042000013p1bp2pusbtosfnlnpe,220.0,2025-07-09,,,2025-07-15 00:15:39.983658,2025-07-15 00:15:39.983658
230,10,7vr7QaMMoPi3YMAz7LaDcwRKOrrjzLSD69deV,Uber,4.99,2025-07-09,,,2025-07-15 00:15:39.975149,2025-07-15 00:15:39.975149
229,10,9jaVobRRgBS8MyrBX1xKiX4rbyyDnBCkZMO1n,Amazon,20.89,2025-07-09,,,2025-07-15 00:15:39.967174,2025-07-15 00:15:39.967174
228,10,V3qem6JJaNHqo67OKb3MivndoZZQ6NtXopyV0,Amazon,41.23,2025-07-09,,,2025-07-15 00:15:39.959643,2025-07-15 00:15:39.959643
193,9,XJMQdObqJ1HJoxZOgE5yc1nA11077xsaYxZEj,Patreonirel,4.5,2025-07-09,1,2025-07-14 20:10:35.12752,2025-07-14 20:09:45.752725,2025-07-14 20:10:35.128076
189,9,eRK9AeB6R4Ckz4XqEr5ZcA9aAAkeeKSb0XZBA,Amazon,20.89,2025-07-09,2,2025-07-14 20:10:56.371753,2025-07-14 20:09:45.690858,2025-07-14 20:10:56.372159
192,9,pBdq5eONB9HMyOA5oZm1s71Z77KjjYc4py5Y1,Adobe,25.35,2025-07-09,2,2025-07-14 20:10:40.528224,2025-07-14 20:09:45.722031,2025-07-14 20:10:40.528695
188,9,Y8rZwVbB8mFORB57eELKT8b488wrrnCqLDZvk,Amazon,41.23,2025-07-09,1,2025-07-14 20:10:59.797888,2025-07-14 20:09:45.672827,2025-07-14 20:10:59.798254
236,10,O6derqvvkNhdqBJOXV68S7zAqLLB1MsVmAnyn,GitHub,8.88,2025-07-08,,,2025-07-15 00:15:40.025804,2025-07-15 00:15:40.025804
195,9,m1gDJeXy1bhOxXyqjbg6Tq5bqq3dd6Cva97b5,GitHub,8.0,2025-07-08,1,2025-07-14 20:11:30.271379,2025-07-14 20:09:45.767619,2025-07-14 20:11:30.272123
199,9,ry73NeZ0yOiMw7rDR1KqsPNePPrqqztwo1kPz,Zelle Instant Pmt To Easy Way Pest Control 20250708042000013p1bp2pusbnn4knlwwt,50.0,2025-07-08,0,2025-07-14 20:11:03.890313,2025-07-14 20:09:45.804712,2025-07-14 20:11:03.891616
194,9,dEgnkeqwErCKOXor04d8hEqrEEyNNBcQAg5YZ,GitHub,4.0,2025-07-08,1,2025-07-14 20:11:33.619765,2025-07-14 20:09:45.760593,2025-07-14 20:11:33.620094
282,11,b38P55X6vAf7JJ8ArND0iL9oJ64ZkPC90knyy,Mobile Banking Payment To Credit Card 6397 07/08,777.02,2025-07-08,,,2025-07-19 03:07:15.741162,2025-07-19 03:07:15.741162
198,9,aVb73pyqVvHB7yMLgoYNTKQoKK9PPxi10rNoP,Mobile Banking Payment To Credit Card 6397 07/08,2034.79,2025-07-08,0,2025-07-14 20:11:13.211585,2025-07-14 20:09:45.794593,2025-07-14 20:11:13.211885
235,10,MdNe01kky7hqbraZ4Kdziweob44vrZS5zNJoN,GitHub,8.0,2025-07-08,,,2025-07-15 00:15:40.015972,2025-07-15 00:15:40.015972
234,10,E7OeqEDD6xipJ8KjRz3oS60YJjj31QHJXA9xY,GitHub,4.0,2025-07-08,,,2025-07-15 00:15:40.008799,2025-07-15 00:15:40.008799
281,11,KemKJJaL5ZU5KK14ZP78iaNDqwvVx1SNrO9Mj,GitHub,8.88,2025-07-08,,,2025-07-19 03:07:15.73478,2025-07-19 03:07:15.73478
284,11,o84aqqvxVbcgjje0yBwrcX47YQKPxLCOXRwe7,Zelle Instant Pmt To Easy Way Pest Control 20250708042000013p1bp2pusbnn4knlwwt,50.0,2025-07-08,,,2025-07-19 03:07:15.757052,2025-07-19 03:07:15.757052
280,11,k4bozznK08hgXXJoRZ1Vc5anzoEeNBTEQk5L8,GitHub,8.0,2025-07-08,,,2025-07-19 03:07:15.728101,2025-07-19 03:07:15.728101
283,11,gv8KRRVq94hpBBJxyXRQhmJR8porzkFAorJwd,Mobile Banking Payment To Credit Card 6397 07/08,2034.79,2025-07-08,,,2025-07-19 03:07:15.748876,2025-07-19 03:07:15.748876
239,10,PLwe4B00ANTwjM8omDL4hx9njvvyM5I1EyzVM,Zelle Instant Pmt To Easy Way Pest Control 20250708042000013p1bp2pusbnn4knlwwt,50.0,2025-07-08,,,2025-07-15 00:15:40.059667,2025-07-15 00:15:40.059667
197,9,48EDYyz58qFqJB8zX9LjTNyPNNKMMBInadgwK,Mobile Banking Payment To Credit Card 6397 07/08,777.02,2025-07-08,0,2025-07-14 20:11:16.149474,2025-07-14 20:09:45.78332,2025-07-14 20:11:16.149907
279,11,AeN9wwEaBAUeRRy9Z75AiOjrD85N0oUjKmVRp,GitHub,4.0,2025-07-08,,,2025-07-19 03:07:15.720115,2025-07-19 03:07:15.720115
238,10,Bo7eD9wwnrF4oMBgeV1psjVoAmmKOXFdVDK19,Mobile Banking Payment To Credit Card 6397 07/08,2034.79,2025-07-08,,,2025-07-15 00:15:40.044884,2025-07-15 00:15:40.044884
237,10,qdR5LXPP3zhwyXLakzbghaeY6gg03puBgjKQN,Mobile Banking Payment To Credit Card 6397 07/08,777.02,2025-07-08,,,2025-07-15 00:15:40.032579,2025-07-15 00:15:40.032579
196,9,z4orneZN4wCMRebEdAL0sZe5ZZn99zCn7LPej,GitHub,8.88,2025-07-08,2,2025-07-14 20:11:26.764045,2025-07-14 20:09:45.775915,2025-07-14 20:11:26.764318
243,10,XK3e6mZZJNt3gXVYdmK0cqEMgvv7XPC0ZVJEn,Fireflies.ai Fireflies.ai,18.0,2025-07-07,,,2025-07-15 00:15:40.087325,2025-07-15 00:15:40.087325
242,10,5k0boRVVZDs9zPmwvMNKcDmAqVVOM5H6YpZv8,Cursor Usage Jun,36.51,2025-07-07,,,2025-07-15 00:15:40.079611,2025-07-15 00:15:40.079611
241,10,pQEZ6A11BzIPojLXn9bRTOv4w55jb8FZ5dKYY,Amazon,47.4,2025-07-07,,,2025-07-15 00:15:40.073385,2025-07-15 00:15:40.073385
240,10,nEOJdvLLPzsOZK09jx7VhJkmYwwNpEf0wxEzD,Amazon,23.56,2025-07-07,,,2025-07-15 00:15:40.066384,2025-07-15 00:15:40.066384
203,9,1azwYq95aDuDm4aZwdjxIzMJzzO556Fg5a9Pw,Fireflies.ai Fireflies.ai,18.0,2025-07-07,2,2025-07-14 20:11:38.92659,2025-07-14 20:09:45.830285,2025-07-14 20:11:38.927013
200,9,L3m8AVLk3OSp3bKVk0a6fZ4rZZeqq1CB5EVqe,Amazon,23.56,2025-07-07,2,2025-07-14 20:11:59.190518,2025-07-14 20:09:45.81008,2025-07-14 20:11:59.190772
201,9,DwQ81bKXwZhwajLPENn8i01600bQQvIReAm58,Amazon,47.4,2025-07-07,1,2025-07-14 20:11:55.348598,2025-07-14 20:09:45.816196,2025-07-14 20:11:55.350498
202,9,PAZmrVM5AQCAZ107jYb6iY03YY1yyzHALpE99,Cursor Usage Jun,36.51,2025-07-07,2,2025-07-14 20:11:52.489367,2025-07-14 20:09:45.821428,2025-07-14 20:11:52.489866
287,11,aBmQ88jwXkSe66dYXxL0ib4EpBdRKgC4o06LM,Cursor Usage Jun,36.51,2025-07-07,,,2025-07-19 03:07:15.778474,2025-07-19 03:07:15.778474
286,11,ro4BAAVgK9FgaaoK4ZDYc3V06ZYJPdUbPoXxP,Amazon,47.4,2025-07-07,,,2025-07-19 03:07:15.770617,2025-07-19 03:07:15.770617
285,11,jroaeeVy0JTMEE5g0ZDQiJ1QeR4gXBt39ExyL,Amazon,23.56,2025-07-07,,,2025-07-19 03:07:15.764201,2025-07-19 03:07:15.764201
288,11,4oBg44Qb7dF4337LOxzph5j3xEZANVTqwa3y3,Fireflies.ai Fireflies.ai,18.0,2025-07-07,,,2025-07-19 03:07:15.784089,2025-07-19 03:07:15.784089
42,6,w3VKn9eBoZhxZ7Y3BoKwF5z4K01rLpsr8DQwy,Fireflies.ai,18.0,2025-07-06,2,2025-07-06 20:19:47.135809,2025-07-06 20:19:36.84507,2025-07-06 20:19:47.233032
133,8,KZzggBdz6kSo5xLVOVwJSxbp8ODEgetNwdpkZ,Cursor Usage Jun,36.51,2025-07-06,1,2025-07-07 05:28:08.257071,2025-07-07 05:27:58.300969,2025-07-07 05:28:08.260848
134,8,k8qkkLZqDaTOgA63n3KEsN9r6wnO8VCEO9qg9,Fireflies.ai,18.0,2025-07-06,2,2025-07-07 05:28:04.688567,2025-07-07 05:27:58.31545,2025-07-07 05:28:04.791637
88,7,zxRMap5AP5U6E7n813vAIgDQOPodeDhBMd9Ox,Fireflies.ai,18.0,2025-07-06,2,2025-07-06 20:41:07.967302,2025-07-06 20:23:17.063754,2025-07-06 20:41:07.970362
87,7,YJMEXROQgOCA7PnZ438EIOVzAqjgbVTpzwBQa,Cursor Usage Jun,36.51,2025-07-06,,,2025-07-06 20:23:17.05843,2025-07-06 20:23:17.05843
41,6,dvKxr4JYA7h5r9XkEy3mH9mYoEK5yBFDv4YgQ,Cursor Usage Jun,36.51,2025-07-06,1,2025-07-06 20:19:51.172025,2025-07-06 20:19:36.738907,2025-07-06 20:19:51.176986
135,8,09pjj4ApxYh7nemxdxRgSZr3KyvgMNCJwebL9,Plaid Technologies Inc,1.0,2025-07-05,1,2025-07-07 05:28:21.698804,2025-07-07 05:27:58.372496,2025-07-07 05:28:21.703077
89,7,6xbJemnVwnUMVdZeQj71HYv1r5qXQvF9Ayxa8,Plaid,1.0,2025-07-05,,,2025-07-06 20:23:17.07026,2025-07-06 20:23:17.07026
90,7,mqjEknKdvKcoqEB38vpbI7rzMaJY5ru483xMx,Plaid,1.0,2025-07-05,,,2025-07-06 20:23:17.074251,2025-07-06 20:23:17.074251
91,7,wrqMROJyLJtQZP1a6n5Df5yroNaQxytMRyYLV,Plaid,1.0,2025-07-05,,,2025-07-06 20:23:17.1477,2025-07-06 20:23:17.1477
2,1,vvYOK54j73hkRNzBMO89hjN4XpO5wJCkyJvJn,Plaid Technologies Inc,1.0,2025-07-05,1,2025-07-06 04:20:53.749326,2025-07-06 04:18:58.059791,2025-07-06 04:20:53.764407
1,1,BnZ3wEzM1phkRpBvJmMZhMoEJyQvnXHdD5O5L,Plaid Technologies Inc,1.0,2025-07-05,2,2025-07-06 04:20:55.750519,2025-07-06 04:18:58.050651,2025-07-06 04:20:55.758719
3,1,yrNRvoJaAkh90DwnM5Pai6Y1vQ5E0Xt3zYJY7,Plaid Technologies Inc,1.0,2025-07-05,2,2025-07-06 04:22:29.744575,2025-07-06 04:18:58.085312,2025-07-06 04:22:29.747325
136,8,AAzkkQyzD6s3e8mVrVabh0kKYwrJP1HjDN7o6,Plaid Technologies Inc,1.0,2025-07-05,1,2025-07-07 05:28:16.188529,2025-07-07 05:27:58.380853,2025-07-07 05:28:16.195743
137,8,akz66VJzy3FweyqVPVb8sK3VMXEwOyI4Bj8da,Plaid Technologies Inc,1.0,2025-07-05,1,2025-07-07 05:28:12.35984,2025-07-07 05:27:58.387063,2025-07-07 05:28:12.364875
23,2,QDqpv8YqJ0Hp0QApm9gkfOw7boyrDYiwXeqNX,Plaid Technologies Inc,1.0,2025-07-05,1,2025-07-06 04:25:50.045153,2025-07-06 04:25:44.167467,2025-07-06 04:25:50.066494
22,2,NwDpKaODJkT8vxy84Dm9UoZB5xz7qnSpV07Z7,Plaid Technologies Inc,1.0,2025-07-05,2,2025-07-06 04:26:17.153709,2025-07-06 04:25:44.155269,2025-07-06 04:26:17.163507
21,2,E7Mp6y8MbLH4kew4xZyJFxdy9aVmZQFZ3vbgB,Plaid Technologies Inc,1.0,2025-07-05,1,2025-07-06 04:26:18.559485,2025-07-06 04:25:44.146797,2025-07-06 04:26:18.564971
45,6,DPekZvVJnquMP6jmXYBRUjyrg08wbvCgEO5Ag,Plaid Technologies Inc,1.0,2025-07-05,1,2025-07-06 20:19:55.097805,2025-07-06 20:19:36.964104,2025-07-06 20:19:55.105327
44,6,6ogr3Njqz8srVB6pwExkSYw9MN71DOSYbp8dV,Plaid Technologies Inc,1.0,2025-07-05,1,2025-07-06 20:19:58.693375,2025-07-06 20:19:36.944045,2025-07-06 20:19:58.696511
43,6,1o84DNK6ZksLZ34vRPpkFANBRzk4O6uAJ6PaE,Plaid Technologies Inc,1.0,2025-07-05,1,2025-07-06 20:20:01.051907,2025-07-06 20:19:36.883269,2025-07-06 20:20:01.054235
142,8,8DpLLmwpOYhQen4xBxRaT6qMDP8jBgIZg1dLV,Stripe Atlas,500.0,2025-07-03,,,2025-07-07 05:27:58.426509,2025-07-07 05:27:58.426509
246,10,bJa3k6EEONca35BXRqbrTZ753BBNoLCgZQMnz,Render,42.97,2025-07-03,,,2025-07-15 00:15:40.107006,2025-07-15 00:15:40.107006
247,10,gb5vrqXXnNT5bAPz7VDyTr15PEEZRmH3Yp0JY,Stripe Atlas,500.0,2025-07-03,,,2025-07-15 00:15:40.113667,2025-07-15 00:15:40.113667
248,10,yBwYKOvvrziE8PweLQbDTLnYybbNaXt3bz5mR,Web Authorized Pmt Paypal,0.01,2025-07-03,,,2025-07-15 00:15:40.121019,2025-07-15 00:15:40.121019
249,10,3yA5oQ77J6UdaEo5k71VSzw89LLdxbH7EvNao,Web Authorized Pmt Paypal,6.6,2025-07-03,,,2025-07-15 00:15:40.12717,2025-07-15 00:15:40.12717
96,7,BM3qx8BpABiB7AgqpLb3Fm5d7bYJy5fjvdY90,Stripe Atlas Stripe.com/at,500.0,2025-07-03,,,2025-07-06 20:23:17.253841,2025-07-06 20:23:17.253841
95,7,qmoMrv0D40UL5NaQgdJDIgL5JPj8QLhr1BVJg,Render.com Render.com,42.97,2025-07-03,,,2025-07-06 20:23:17.249363,2025-07-06 20:23:17.249363
94,7,3r04n8EVaEto0958VAv6ILqmD3YP6qF0P7pK4,Render.com Render.com,4.3,2025-07-03,,,2025-07-06 20:23:17.160378,2025-07-06 20:23:17.160378
93,7,Pk3JK98og8U87zoa4nJYivVeAXp60VI7O1emq,Amazon Prime,7.49,2025-07-03,,,2025-07-06 20:23:17.156561,2025-07-06 20:23:17.156561
92,7,DdO3xNyo0ytyPozbZOVNFjKwRq4a1KFqXVDZb,Amazon Mktplace Pmts,47.4,2025-07-03,,,2025-07-06 20:23:17.152323,2025-07-06 20:23:17.152323
143,8,m53vv1o3XJUZrXvKwKkpIqEzakAZ1PUNjrVOP,Web Authorized Pmt Paypal,0.01,2025-07-03,,,2025-07-07 05:27:58.475096,2025-07-07 05:27:58.475096
245,10,7vr7QaMMoPi3YMAz7LaDcwRKOrrjzLSD69dex,Render,4.3,2025-07-03,,,2025-07-15 00:15:40.100222,2025-07-15 00:15:40.100222
141,8,J8zMMqmzwKTpwQxDODgMfXQE9mdMgetkd9YOq,Render,42.97,2025-07-03,,,2025-07-07 05:27:58.421114,2025-07-07 05:27:58.421114
140,8,Z1zggZ0zb6TyONvxbxj8cB15AXmyOECvw40Ar,Render,4.3,2025-07-03,,,2025-07-07 05:27:58.417137,2025-07-07 05:27:58.417137
139,8,x6xDDj1xVns9X4q8Y8gRTwxRvBaN4dToXReDo,Amazon Prime,7.49,2025-07-03,,,2025-07-07 05:27:58.403855,2025-07-07 05:27:58.403855
138,8,r9vaayJvZNhzg7njmj3pTPX4Dw0xyAIbRZvya,Amazon,47.4,2025-07-03,,,2025-07-07 05:27:58.39353,2025-07-07 05:27:58.39353
48,6,kJ4x507YvzTQ1OAa8KnMIyD5aNzr3mHEAK5aa,Render,4.3,2025-07-03,1,2025-07-06 20:20:20.378876,2025-07-06 20:19:37.028566,2025-07-06 20:20:20.38119
208,9,JqOYKVw5q9UqzQ3VAN5KTXKzXX8qq0C7KENjb,Web Authorized Pmt Paypal,0.01,2025-07-03,2,2025-07-14 20:12:12.772021,2025-07-14 20:09:45.866657,2025-07-14 20:12:12.77235
207,9,3JOLY39ZJPHPQeJ0a63OcM6EMMrdd7tAXwE1g,Stripe Atlas,500.0,2025-07-03,1,2025-07-14 20:12:15.660351,2025-07-14 20:09:45.857548,2025-07-14 20:12:15.660652
209,9,xj90neVNjptMJ41yPQkAswPXwwKzz0CK7BPZR,Web Authorized Pmt Paypal,6.6,2025-07-03,2,2025-07-14 20:12:09.962863,2025-07-14 20:09:45.872155,2025-07-14 20:12:09.963211
206,9,BnN4m51ZnJHJRNw7o36PcaygaaDKKrU7mwVBE,Render,42.97,2025-07-03,1,2025-07-14 20:12:18.925009,2025-07-14 20:09:45.850961,2025-07-14 20:12:18.925221
205,9,yr7jneANrdfM0g1K8X4vsAQxAAgNN7SgwAbQy,Render,4.3,2025-07-03,1,2025-07-14 20:12:21.385897,2025-07-14 20:09:45.845027,2025-07-14 20:12:21.386184
204,9,q3wBneZy3VSMAB15yDZPsVQOVVK00RIER8gdM,Amazon Prime,7.49,2025-07-03,2,2025-07-14 20:12:25.097087,2025-07-14 20:09:45.836364,2025-07-14 20:12:25.097388
244,10,oRM8wxDDmzSaqkNnxP8yTPenbVVM7XFoVzvwA,Amazon Prime,7.49,2025-07-03,,,2025-07-15 00:15:40.093336,2025-07-15 00:15:40.093336
52,6,dvKxr4JYA7h5r9XkEy3mH9mYoEK5yBFDv4Yg6,Web Authorized Pmt Paypal,6.6,2025-07-03,2,2025-07-06 20:20:06.177947,2025-07-06 20:19:37.078093,2025-07-06 20:20:06.180265
10,1,pBNm1YkyOLidyRLEMkj3cV4ke1dPy8tZdrmrP,Web Authorized Pmt Paypal,6.6,2025-07-03,2,2025-07-06 04:21:03.796823,2025-07-06 04:18:58.187635,2025-07-06 04:21:03.800749
9,1,XJqrZ0zxb5SMo0V8J9XnTdMQynmB8PC0VQKQY,Web Authorized Pmt Paypal,0.01,2025-07-03,2,2025-07-06 04:21:08.516992,2025-07-06 04:18:58.181673,2025-07-06 04:21:08.523274
144,8,zD8PP4q8Znhmqe35Y5ZvhZXQPNApa6CKrAgxe,Web Authorized Pmt Paypal,6.6,2025-07-03,2,2025-07-07 05:28:24.873834,2025-07-07 05:27:58.481526,2025-07-07 05:28:24.875832
51,6,w3VKn9eBoZhxZ7Y3BoKwF5z4K01rLpsr8DQwB,Web Authorized Pmt Paypal,0.01,2025-07-03,2,2025-07-06 20:20:10.385032,2025-07-06 20:19:37.063972,2025-07-06 20:20:10.388592
50,6,KAevV5p7OJUq7oxa3wONU7yaNxqpMKcNBz9Dn,Stripe Atlas,500.0,2025-07-03,1,2025-07-06 20:20:13.495619,2025-07-06 20:19:37.055299,2025-07-06 20:20:13.497824
98,7,bVoQwXdgLdUBD8XerjpvFBbmqvr8pbfdPg76r,Web Authorized Pmt Paypal,6.6,2025-07-03,,,2025-07-06 20:23:17.356442,2025-07-06 20:23:17.356442
8,1,ry0XqKvkZ1uEw4NVM6AOc6OvQNwxp3ta95n8d,Stripe Atlas,500.0,2025-07-03,1,2025-07-06 04:21:12.326305,2025-07-06 04:18:58.166893,2025-07-06 04:21:12.330237
7,1,j6qAY0PDL5hbm0korNAXHebLPx6KoJT1zMbXk,Render,42.97,2025-07-03,1,2025-07-06 04:21:15.025835,2025-07-06 04:18:58.145881,2025-07-06 04:21:15.030962
6,1,kLBgd0q1DXskmRpb4QDPhzJ0yRnnAKt3P1KBM,Render,4.3,2025-07-03,1,2025-07-06 04:21:19.116898,2025-07-06 04:18:58.110132,2025-07-06 04:21:19.119898
5,1,04KQo5pvxecoK8jzL5wpc8BEL0ygX1CV7EDa8,Amazon Prime,7.49,2025-07-03,2,2025-07-06 04:21:31.553841,2025-07-06 04:18:58.10143,2025-07-06 04:21:31.560818
4,1,kLBgd0q1DXskmRpb4QDPhzJ0QkwO15C3P1K1B,Amazon,47.4,2025-07-03,1,2025-07-06 04:21:36.123108,2025-07-06 04:18:58.09435,2025-07-06 04:21:36.13042
28,2,z3Jb4MKJLBfKLogK8zvdixLq7oy68BFzoqDg8,Stripe Atlas,500.0,2025-07-03,1,2025-07-06 04:26:29.907832,2025-07-06 04:25:44.263263,2025-07-06 04:26:29.919591
49,6,yKYXdowy3gi5K3gQyRYLHbjXpA6og7UanJQAx,Render,42.97,2025-07-03,1,2025-07-06 20:20:17.896106,2025-07-06 20:19:37.045682,2025-07-06 20:20:17.898805
27,2,Yk0e8EY0pqSDLoVDZb8eFJRyxjXY1mCnygX0Z,Render,42.97,2025-07-03,2,2025-07-06 04:26:32.752288,2025-07-06 04:25:44.2504,2025-07-06 04:26:32.754386
47,6,3o5RPvADxjsN0De7wLpkfLvbZMpmr7HLjO1wd,Amazon Prime,7.49,2025-07-03,2,2025-07-06 20:20:23.002046,2025-07-06 20:19:36.987584,2025-07-06 20:20:23.004423
46,6,qL51VYR6jKc95eBz6pVkCgdpDV15KRSnLAd8A,Amazon,47.4,2025-07-03,2,2025-07-06 20:20:27.578755,2025-07-06 20:19:36.978548,2025-07-06 20:20:27.581281
26,2,mMBN1EYB47C5gQ153apjhogeXJ4PpvSmXJnVk,Render,4.3,2025-07-03,1,2025-07-06 19:13:24.356572,2025-07-06 04:25:44.241405,2025-07-06 19:13:24.360071
30,2,4KMX8a1MBeuDLnEDb6PXFxeJrvZDO5F1wr4br,Web Authorized Pmt Paypal,6.6,2025-07-03,2,2025-07-06 04:26:21.561262,2025-07-06 04:25:44.293877,2025-07-06 04:26:21.566668
29,2,axZOVEYZm0IkYR9kZO8ghpanJLdyDbUyoVOXp,Web Authorized Pmt Paypal,0.01,2025-07-03,2,2025-07-06 04:26:28.047636,2025-07-06 04:25:44.278241,2025-07-06 04:26:28.053538
25,2,e5dORpYdM7CR5O9RwQYEFnzpPy3bDBtLp5gw3,Amazon Prime,7.49,2025-07-03,1,2025-07-06 19:13:28.801687,2025-07-06 04:25:44.232748,2025-07-06 19:13:28.807305
24,2,pQKbBMwK47swmgBwQNposVmNq0gaM8t7qnxv8,Amazon,47.4,2025-07-03,2,2025-07-06 19:13:32.784944,2025-07-06 04:25:44.223591,2025-07-06 19:13:32.855
97,7,gwkEPV1MB1HPRJzLy8OKfEwYqQdLBwsb631Xm,Web Authorized Pmt Paypal,0.01,2025-07-03,,,2025-07-06 20:23:17.351937,2025-07-06 20:23:17.351937
250,10,V3qem6JJaNHqo67OKb3MivndoZZQ6NtXopyVA,Cloud 7vcnxw,0.2,2025-07-02,,,2025-07-15 00:15:40.133221,2025-07-15 00:15:40.133221
251,10,9jaVobRRgBS8MyrBX1xKiX4rbyyDnBCkZMO1Q,Cloud Hvvzw,0.42,2025-07-02,,,2025-07-15 00:15:40.139219,2025-07-15 00:15:40.139219
101,7,yaRM49Zk1ZTwKVeJDB7Xfb9oOJmvQ9toR3NOj,cloud Hvvzw7 G.co/helppay#,0.42,2025-07-02,,,2025-07-06 20:23:17.368691,2025-07-06 20:23:17.368691
100,7,KqQjParogrcr71bQZLJ9T7Xpm80YQXuvy1RQM,cloud 7vcnxw G.co/helppay#,0.2,2025-07-02,,,2025-07-06 20:23:17.364725,2025-07-06 20:23:17.364725
11,1,AQ7KdBzODVhpPZqnxL4EcD6m3RwJVOtbp5O5Y,Amazon,23.56,2025-07-02,2,2025-07-06 04:21:48.875941,2025-07-06 04:18:58.204302,2025-07-06 04:21:48.878289
32,2,wP4b0MB4d1tBAJ0Bay5dU1AzVakOM4heVqzam,Cloud 7vcnxw,0.2,2025-07-02,1,2025-07-06 19:13:43.659787,2025-07-06 04:25:44.350781,2025-07-06 19:13:43.688732
31,2,XKvpJEYv8PuL5qQLawpgIdoKb4pw9PUORkLog,Amazon,23.56,2025-07-02,2,2025-07-06 19:13:46.075881,2025-07-06 04:25:44.335483,2025-07-06 19:13:46.080078
146,8,obKjjmJKoZTYgz6AJAXpSx6Zo17dmjtOqJ8x5,Cloud 7vcnxw,0.2,2025-07-02,,,2025-07-07 05:27:58.500339,2025-07-07 05:27:58.500339
55,6,ALe3xBg4pwcL538jDarOFdAOj0DK4atjEOygg,Cloud Hvvzw,0.42,2025-07-02,2,2025-07-06 20:20:30.860904,2025-07-06 20:19:37.129332,2025-07-06 20:20:30.863231
145,8,4dpxx8rpzYsg4BvZaZrPsNL01n3wzDCq9AXY1,Amazon,23.56,2025-07-02,,,2025-07-07 05:27:58.490298,2025-07-07 05:27:58.490298
99,7,107jneOErOtXZgb5oK7dFAE4XnD8MEUqYjpm7,Amazon Mktplace Pmts,23.56,2025-07-02,,,2025-07-06 20:23:17.36061,2025-07-06 20:23:17.36061
53,6,BDeyJE7aQLTm7xNVEyreUmpXNaMdDrhN0OBwa,Amazon,23.56,2025-07-02,1,2025-07-06 20:20:41.412449,2025-07-06 20:19:37.090685,2025-07-06 20:20:41.41455
211,9,KB98kX6EBVHpRxy7M94jfxQdxxMkkKHmODq9q,Cloud Hvvzw,0.42,2025-07-02,2,2025-07-14 20:12:30.409391,2025-07-14 20:09:45.887447,2025-07-14 20:12:30.409725
210,9,kLw6aeDBL5f4mA01vNozHNkxNN344mIvkay5A,Cloud 7vcnxw,0.2,2025-07-02,2,2025-07-14 20:12:32.470201,2025-07-14 20:09:45.881786,2025-07-14 20:12:32.470508
54,6,vB9yQ5NqmJcOaZj3qoAdHrzJVbjEReFgdvbNP,Cloud 7vcnxw,0.2,2025-07-02,2,2025-07-06 20:20:33.115654,2025-07-06 20:19:37.098783,2025-07-06 20:20:33.11779
147,8,5wpddZ4p9YTj1O08a8g7I96dP3M4K1tV8DqXR,Cloud Hvvzw,0.42,2025-07-02,,,2025-07-07 05:27:58.524576,2025-07-07 05:27:58.524576
33,2,dZbOEpYb9mHEd1nEQeN0SKOmMznw4Yt8BV6dm,Cloud Hvvzw,0.42,2025-07-02,1,2025-07-06 19:13:41.401202,2025-07-06 04:25:44.365584,2025-07-06 19:13:41.405171
13,1,AQ7KdBzODVhpPZqnxL4EcD6mdnrrvQFbp5O0r,Cloud Hvvzw,0.42,2025-07-02,1,2025-07-06 04:21:40.897425,2025-07-06 04:18:58.266337,2025-07-06 04:21:40.902294
12,1,vvYOK54j73hkRNzBMO89hjN4rmnn1afkyJvjK,Cloud 7vcnxw,0.2,2025-07-02,1,2025-07-06 04:21:44.59581,2025-07-06 04:18:58.212028,2025-07-06 04:21:44.621212
104,7,AOKP8EqVkqsq5yw6ZmbJfdLKnYB3RLfBwbq6z,Theverge.com Www.theverge.,7.0,2025-07-01,,,2025-07-06 20:23:17.380932,2025-07-06 20:23:17.380932
256,10,KRpeALyyBbSXMDrbNamZiVZLB77kDat1qVPrm,Web Authorized Pmt Paypal,9.99,2025-07-01,,,2025-07-15 00:15:40.172058,2025-07-15 00:15:40.172058
255,10,R1Lexyrr0NCLJ75R9w1mT6w80ggy7MH4jkLwp,Tonal,59.95,2025-07-01,,,2025-07-15 00:15:40.165956,2025-07-15 00:15:40.165956
254,10,MdNe01kky7hqbraZ4Kdziweob44vrZS5zNJov,Www.theverge.,7.0,2025-07-01,,,2025-07-15 00:15:40.159836,2025-07-15 00:15:40.159836
253,10,E7OeqEDD6xipJ8KjRz3oS60YJjj31QHJXA9xV,Amazon,10.69,2025-07-01,,,2025-07-15 00:15:40.153457,2025-07-15 00:15:40.153457
252,10,O6derqvvkNhdqBJOXV68S7zAqLLB1MsVmAnyL,Amazon,9.99,2025-07-01,,,2025-07-15 00:15:40.145224,2025-07-15 00:15:40.145224
214,9,vvoAne7YvQCMRjpage0KsbpDbbR33eI0wnrZ1,Www.theverge.,7.0,2025-07-01,2,2025-07-14 20:12:41.839637,2025-07-14 20:09:45.903977,2025-07-14 20:12:41.839918
215,9,j6dw4mLq6ZHrmOLDdvg7UXxrXXAVVYCjEDaxE,Tonal,59.95,2025-07-01,1,2025-07-14 20:12:38.420134,2025-07-14 20:09:45.911314,2025-07-14 20:12:38.420466
212,9,AQmr6ZD7QxsxP8d5zJ9YI0RX00477aInmXPVe,Amazon,9.99,2025-07-01,1,2025-07-14 20:12:48.352948,2025-07-14 20:09:45.892968,2025-07-14 20:12:48.353169
216,9,8m1BYvO6mKFXAnmMb9D7h6r066OppmHvojqMx,Web Authorized Pmt Paypal,9.99,2025-07-01,1,2025-07-14 20:12:35.077163,2025-07-14 20:09:45.919453,2025-07-14 20:12:35.077601
213,9,04EdYPxK4LCLKe4EOAYPcZ0VZZkPPwCv6dRp0,Amazon,10.69,2025-07-01,1,2025-07-14 20:12:45.90006,2025-07-14 20:09:45.898356,2025-07-14 20:12:45.900457
152,8,d0d11ERdqkh9YXD636yNTEa5D3j08wcDO0drO,Web Authorized Pmt Paypal,9.99,2025-07-01,,,2025-07-07 05:27:58.600272,2025-07-07 05:27:58.600272
151,8,91pDDg6pnYTJOEaA5APwU8eKJ3nYdofyEXAbD,Tonal,59.95,2025-07-01,,,2025-07-07 05:27:58.588503,2025-07-07 05:27:58.588503
150,8,g4LBBnJLd0sapn8191mOSzVYQORavNCAPXg7B,Www.theverge.,7.0,2025-07-01,,,2025-07-07 05:27:58.581923,2025-07-07 05:27:58.581923
149,8,7Le66odeZYhN69rmqmgbHB0vNkzy8nCYX3yPp,Amazon,10.69,2025-07-01,,,2025-07-07 05:27:58.574795,2025-07-07 05:27:58.574795
148,8,bAzLLOnzqys97MjdKd1pTkwmvRoEOXs936pbm,Amazon,9.99,2025-07-01,,,2025-07-07 05:27:58.569559,2025-07-07 05:27:58.569559
106,7,7JR8xbpV6pCAwOzKDrbVIrDvYNmX7DCz8Dm3R,Web Authorized Pmt Paypal,9.99,2025-07-01,,,2025-07-06 20:23:17.389155,2025-07-06 20:23:17.389155
105,7,0vQ0n8VejVFjEb968mgASJ936KRL09C59VNrM,"Tonal Systems, Inc Tonal.com",59.95,2025-07-01,,,2025-07-06 20:23:17.384996,2025-07-06 20:23:17.384996
14,1,04KQo5pvxecoK8jzL5wpc8BEJ6vv7YIV7EDa1,Amazon,9.99,2025-07-01,2,2025-07-06 04:22:22.019013,2025-07-06 04:18:58.274676,2025-07-06 04:22:22.021209
103,7,vjOMg0x36xUza4nQN1XetrAEmYKXpAC7pk3m9,Amazon.com*nq66969o0 Amzn.com/bill,10.69,2025-07-01,,,2025-07-06 20:23:17.376586,2025-07-06 20:23:17.376586
102,7,k1gEyn3Xk3Hp1JrqR6ENSygrR6LQkgFDb37Rk,Amazon Grocery Subscri,9.99,2025-07-01,,,2025-07-06 20:23:17.372685,2025-07-06 20:23:17.372685
56,6,0zJrL5mwbyh5E7e3DRdaHJ41mZ83kwtJKDz8P,Amazon,9.99,2025-07-01,2,2025-07-06 20:20:57.025789,2025-07-06 20:19:37.142236,2025-07-06 20:20:57.032323
57,6,rDoPOKQLxAT6Dz75L3mksko3VP64rzHbpnMEq,Amazon,10.69,2025-07-01,1,2025-07-06 20:20:52.948793,2025-07-06 20:19:37.148173,2025-07-06 20:20:52.951409
58,6,jxrXZ0gzveSNDKOwJVjnfaZJ1XeOAYU3rboO0,Www.theverge.,7.0,2025-07-01,1,2025-07-06 20:20:49.691864,2025-07-06 20:19:37.153097,2025-07-06 20:20:49.694829
59,6,4OoJq7v1j4sQzgBMDraVIqJ5jNx0KBHqBZpNx,Tonal,59.95,2025-07-01,2,2025-07-06 20:20:47.266345,2025-07-06 20:19:37.15874,2025-07-06 20:20:47.269148
60,6,6ogr3Njqz8srVB6pwExkSYw9MN71DOSYbp8dO,Web Authorized Pmt Paypal,9.99,2025-07-01,1,2025-07-06 20:20:43.781914,2025-07-06 20:19:37.16481,2025-07-06 20:20:43.787138
34,2,6AMX5JqMy4Cwg4LweX7os7Jwmqya89SVPkz3n,Amazon,9.99,2025-07-01,2,2025-07-06 19:14:03.440243,2025-07-06 04:25:44.372016,2025-07-06 19:14:03.441863
35,2,E7Mp6y8MbLH4kew4xZyJFxdy9aVmZQFZ3vbge,Amazon,10.69,2025-07-01,2,2025-07-06 19:14:00.967176,2025-07-06 04:25:44.377936,2025-07-06 19:14:00.96947
36,2,MdLpy4VLJKUR1X3RwvgbFVNxm80DjZtBxqa8L,Www.theverge.,7.0,2025-07-01,2,2025-07-06 19:13:58.636523,2025-07-06 04:25:44.384485,2025-07-06 19:13:58.638554
37,2,R1BX0ZYBJdTon6voyzgJSeOo3xY9bMiKN5mO8,Tonal,59.95,2025-07-01,1,2025-07-06 19:13:55.526382,2025-07-06 04:25:44.428239,2025-07-06 19:13:55.527921
38,2,xqabjM3awPC3kZp3xnRPhDknYZyd8otAZgxzv,Web Authorized Pmt Paypal,9.99,2025-07-01,2,2025-07-06 19:13:52.95394,2025-07-06 04:25:44.432697,2025-07-06 19:13:52.955679
15,1,ry0XqKvkZ1uEw4NVM6AOc6OvkB00j9Fa95n89,Amazon,10.69,2025-07-01,2,2025-07-06 04:22:07.563118,2025-07-06 04:18:58.283682,2025-07-06 04:22:07.568957
16,1,j6qAY0PDL5hbm0korNAXHebLaDQQwES1zMbXp,Www.theverge.,7.0,2025-07-01,2,2025-07-06 04:22:03.030808,2025-07-06 04:18:58.291143,2025-07-06 04:22:03.033186
17,1,485N97pmzVSoJOYyqQ1Acxbaq433gYFJL6ZQY,Tonal,59.95,2025-07-01,1,2025-07-06 04:21:57.19345,2025-07-06 04:18:58.296946,2025-07-06 04:21:57.195965
18,1,NK57A6zy1oskZjeQKqMVhoJRdampkncxXn8n1,Web Authorized Pmt Paypal,9.99,2025-07-01,2,2025-07-06 04:21:54.107829,2025-07-06 04:18:58.306755,2025-07-06 04:21:54.114979
61,6,aKBnvX4Y18iJLwyzkbP3fZnb4KpV9xt4gzMYq,Medium Monthly,5.0,2025-06-30,2,2025-07-06 20:21:02.948926,2025-07-06 20:19:37.170093,2025-07-06 20:21:02.951542
39,2,QDqpv8YqJ0Hp0QApm9gkfOw7boyrDYiwXeqNy,Medium Monthly,5.0,2025-06-30,2,2025-07-06 19:15:52.853845,2025-07-06 04:25:44.440403,2025-07-06 19:15:52.855927
154,8,wwaLL0DaxXT78YneKeo5S0grNPXm3OHrNda1z,Venmo,14.0,2025-06-30,,,2025-07-07 05:27:58.612851,2025-07-07 05:27:58.612851
153,8,VwzggaKzbZT08Q5jAjkzSAw5Em60JOUkgORNJ,Medium Monthly,5.0,2025-06-30,,,2025-07-07 05:27:58.608527,2025-07-07 05:27:58.608527
107,7,jDAE3VB5KBFkD5aP0p4vtaMOD8yPxMHYv1NRZ,Medium Monthly Medium.com,5.0,2025-06-30,,,2025-07-06 20:23:17.393298,2025-07-06 20:23:17.393298
108,7,9ZJ5xmNODNFrpbBvKawjTygKqJv05gFr6kbXz,Venmo,14.0,2025-06-30,,,2025-07-06 20:23:17.406476,2025-07-06 20:23:17.406476
20,1,eR6ynvwEBzhMzK1Dk0obTn5XQ9JEmBtkDoNoP,Venmo,14.0,2025-06-30,2,2025-07-06 04:22:26.240367,2025-07-06 04:18:58.322455,2025-07-06 04:22:26.244011
217,9,ry73NeZ0yOiMw7rDR1KqsPNePPrqqztwo1kXz,Medium Monthly,5.0,2025-06-30,1,2025-07-14 20:12:55.10569,2025-07-14 20:09:45.932804,2025-07-14 20:12:55.106012
218,9,ZZvp6VbdZqHwPNoa5E6kiBdkBBVQQMCkep518,Venmo,14.0,2025-06-30,1,2025-07-14 20:12:51.309684,2025-07-14 20:09:45.939463,2025-07-14 20:12:51.310702
19,1,aVqDMXz9y5Sj7XrvBJ5ASpj5Z7EEk0C9DpzeX,Medium Monthly,5.0,2025-06-30,2,2025-07-06 04:22:29.755303,2025-07-06 04:18:58.313438,2025-07-06 04:22:29.757832
62,6,LveEOdX90ZhzVvbQj9xXhDjb8Zkpe1I83RqE3,Venmo,14.0,2025-06-30,2,2025-07-06 20:20:59.40808,2025-07-06 20:19:37.17618,2025-07-06 20:20:59.410485
40,2,JEdpq0gdJBUJ5EPJLYMAF3xR1BveyYcAj5Dw6,Venmo,14.0,2025-06-30,2,2025-07-06 19:14:07.067652,2025-07-06 04:25:44.447325,2025-07-06 19:14:07.070292
156,8,Erzjj6vzYPhmBXYMrMLyhpegDO1R4mCER6gBm,Amazon,42.4,2025-06-27,,,2025-07-07 05:27:58.622544,2025-07-07 05:27:58.622544
63,6,xyYkpBd3JoFBy94K3gY6SVnoOwDRK0Io4V8rE,Amazon,19.92,2025-06-27,2,2025-07-06 20:21:11.960706,2025-07-06 20:19:37.18687,2025-07-06 20:21:11.963152
155,8,OgzEEkDzMjS1mxA3L3geuZdk3Q1PJ5C4EowKJ,Amazon,19.92,2025-06-27,,,2025-07-07 05:27:58.618518,2025-07-07 05:27:58.618518
157,8,Mmzggy6zDvfoQ0BNPNLgSn6yO9r3LDIPrd83j,ExpressVPN,12.95,2025-06-27,,,2025-07-07 05:27:58.628159,2025-07-07 05:27:58.628159
110,7,a9DEdjN56NcrLdEZXq8oTZ1V7MLmQ1HaK9XZK,Amazon Mktpl*nq2x957d2 Amzn.com/bill,42.4,2025-06-27,,,2025-07-06 20:23:17.41698,2025-07-06 20:23:17.41698
64,6,8o9dK743RbskMQnEVRB0UZRnQ6dMOmtZ3AnQL,Amazon,42.4,2025-06-27,2,2025-07-06 20:21:09.290247,2025-07-06 20:19:37.192226,2025-07-06 20:21:09.293228
111,7,4mNanQRVxRUYz7dbOvP9Iq9041v8y9fEDJbkR,expressvpn De,12.95,2025-06-27,,,2025-07-06 20:23:17.453316,2025-07-06 20:23:17.453316
109,7,rkXMrVj1ajUNDoeQ4np1ckE4BDnQNEIAramBB,Amazon Mktpl*nq1lz71y1 Amzn.com/bill,19.92,2025-06-27,,,2025-07-06 20:23:17.41218,2025-07-06 20:23:17.41218
65,6,Jker9Angbas8VpQXJgORSrRYkX3E80Fk8xRoL,ExpressVPN,12.95,2025-06-27,2,2025-07-06 20:21:05.163878,2025-07-06 20:19:37.197749,2025-07-06 20:21:05.171827
114,7,x4mMrv8KD8FdyjzxLqRQTVERMvZ7PEtjmJzMK,Kristoffer`s Cafe & Ba,3.7,2025-06-26,,,2025-07-06 20:23:17.473027,2025-07-06 20:23:17.473027
115,7,JPy01xjXMjCjVoeLkxMNSrDE79BaKDCQ0XwbX,Natebjones News+mentor Natebjones.co,8.0,2025-06-26,,,2025-07-06 20:23:17.47745,2025-07-06 20:23:17.47745
66,6,ow8L7VMdBqH3wYzPMXJxHV3X4xYZapIO6LNZX,Bolt Bolt.new,20.0,2025-06-26,2,2025-07-06 20:21:30.046672,2025-07-06 20:19:37.203593,2025-07-06 20:21:30.049479
116,7,Z8yEX7M5gMH9a3X0rv8EHDp5KANxdpF98V6R9,Rasterwise Rasterwise.co De,5.0,2025-06-26,,,2025-07-06 20:23:17.481934,2025-07-06 20:23:17.481934
67,6,grvzx95YgRSERanV4m97FE9mJz8Y37iA5mVLV,Figma,22.2,2025-06-26,1,2025-07-06 20:21:26.339716,2025-07-06 20:19:37.208922,2025-07-06 20:21:26.341842
68,6,ZDwJq3KYeBTJayNn1jbzfDz8vBb5VMIvDrdJ6,Kristoffer's Cafe & Bakery,3.7,2025-06-26,2,2025-07-06 20:21:23.460038,2025-07-06 20:19:37.216264,2025-07-06 20:21:23.46532
69,6,5obrBe0P5xsRejOMxgaviVg5r9kd7wIVgQa9q,Nateb Natebjones.co Newsmentor Natebjones.co,8.0,2025-06-26,1,2025-07-06 20:21:20.312391,2025-07-06 20:19:37.221039,2025-07-06 20:21:20.315092
70,6,bk390vaY15sLD9Mqz1KRFBjL9kJmgzU95OYwn,Ra Rasterwise.co,5.0,2025-06-26,2,2025-07-06 20:21:15.322149,2025-07-06 20:19:37.246045,2025-07-06 20:21:15.324378
158,8,noy00PbyZ8S85mNkAk4pHVaXbMpoP6U7ZQreE,Bolt Bolt.new,20.0,2025-06-26,,,2025-07-07 05:27:58.634832,2025-07-07 05:27:58.634832
159,8,XLzggJAzbdhBAxkeDevpI1LZDmXBJwc6gromp,Figma,22.2,2025-06-26,,,2025-07-07 05:27:58.639528,2025-07-07 05:27:58.639528
160,8,RVzgg0qzMahkAQ8VKVBgTELpmX7aB9c17VODa,Kristoffer's Cafe & Bakery,3.7,2025-06-26,,,2025-07-07 05:27:58.671721,2025-07-07 05:27:58.671721
161,8,Q9zggvPzM4hN5eRKdKqgHB6pnA1vqrCJ1yNmQ,Nateb Natebjones.co Newsmentor Natebjones.co,8.0,2025-06-26,,,2025-07-07 05:27:58.676078,2025-07-07 05:27:58.676078
162,8,pgkrrBJkO5SKVO6vDv8pc7LEzdbPBaCaoevkd,Ra Rasterwise.co,5.0,2025-06-26,,,2025-07-07 05:27:58.683741,2025-07-07 05:27:58.683741
112,7,88JZxNXVLXHqMNJ514a9fZ3MND7Ar3HKYJaym,Bolt (y Stackblitz) Bolt.new,20.0,2025-06-26,,,2025-07-06 20:23:17.458403,2025-07-06 20:23:17.458403
113,7,5aJmn8QzdQTmeqwrK07DIVQdZPxBeQtdN6kBV,Figma Figma.com,22.2,2025-06-26,,,2025-07-06 20:23:17.464548,2025-07-06 20:23:17.464548
117,7,gwkEPV1MB1HPRJzLy8OKfEwYqQdLBwsb631qm,Amazon Mktpl*no8zs9290 Amzn.com/bill,59.02,2025-06-25,,,2025-07-06 20:23:17.486204,2025-07-06 20:23:17.486204
119,7,o3nYrvA6jAFNwenKy6pZcV9ZBoEOA9tkrojBy,Vercel Inc. Vercel.com,20.0,2025-06-25,,,2025-07-06 20:23:17.494727,2025-07-06 20:23:17.494727
71,6,VmeOLvqYydH140QbwkAKfZqNkA45X3tkmKxwM,Amazon,59.02,2025-06-25,0,2025-07-06 20:21:41.789345,2025-07-06 20:19:37.262257,2025-07-06 20:21:41.792067
118,7,bVoQwXdgLdUBD8XerjpvFBbmqvr8pbfdPg7qr,Comcast,165.86,2025-06-25,,,2025-07-06 20:23:17.490413,2025-07-06 20:23:17.490413
72,6,9oVwkzayK7sepJE1oP5XIyPBO8zKLjHymoBDq,Comcast,165.86,2025-06-25,0,2025-07-06 20:21:40.414466,2025-07-06 20:19:37.266664,2025-07-06 20:21:40.417184
120,7,V4MEX975g7F74yODM5zEIZ85jEVBx8HanXNOL,Web Authorized Pmt Paypal,23.11,2025-06-25,,,2025-07-06 20:23:17.49908,2025-07-06 20:23:17.49908
163,8,YDzgg8vzbwh6gB3aMa08I8DzqBp6eYf9Oe0By,Amazon,59.02,2025-06-25,,,2025-07-07 05:27:58.687651,2025-07-07 05:27:58.687651
164,8,ejwPPRJwBAT7j4xLyLBYSAqZxJrE8bUaOxwEw,Comcast,165.86,2025-06-25,,,2025-07-07 05:27:58.69117,2025-07-07 05:27:58.69117
74,6,DPekZvVJnquMP6jmXYBRUjyrg08wbvCgEO5AB,Web Authorized Pmt Paypal,23.11,2025-06-25,2,2025-07-06 20:21:32.948545,2025-07-06 20:19:37.275548,2025-07-06 20:21:32.951101
165,8,NbzmmKLz10TaX6JB1BgmSOVK0mDpg7H3DYZaa,Vercel Inc.,20.0,2025-06-25,,,2025-07-07 05:27:58.695166,2025-07-07 05:27:58.695166
166,8,66pww5ap9YsBa6jRxRE7INb1546EkaCYR035X,Web Authorized Pmt Paypal,23.11,2025-06-25,,,2025-07-07 05:27:58.698362,2025-07-07 05:27:58.698362
73,6,7Q7mynrBN5IxwN9LXgq7Fr6L3B1vaZFYxALjX,Vercel Inc.,20.0,2025-06-25,2,2025-07-06 20:21:36.244518,2025-07-06 20:19:37.270937,2025-07-06 20:21:36.247534
121,7,7JR8xbpV6pCAwOzKDrbVIrDvYNmX7DCz8DmQR,patreonirel Me 4029357733 Ie,7.82,2025-06-24,,,2025-07-06 20:23:17.508264,2025-07-06 20:23:17.508264
167,8,zD8PP4q8Znhmqe35Y5ZvhZXQPNApa6CKrAg9e,Patreonirel,7.82,2025-06-24,,,2025-07-07 05:27:58.701893,2025-07-07 05:27:58.701893
75,6,OreQRLdY59S0o1xVDgLXFLoM4ZxkVYH4q9Ram,Patreonirel,7.82,2025-06-24,2,2025-07-06 20:21:47.315445,2025-07-06 20:19:37.280004,2025-07-06 20:21:47.317696
81,6,p6ZD9YEw03hk5KO9w8DnU5N837VEKYsagm819,Kristoffer's Cafe & Bakery,5.46,2025-06-23,2,2025-07-06 20:22:03.537735,2025-07-06 20:19:37.306405,2025-07-06 20:22:03.539929
82,6,P4ejQDwYdOsd7V1DgPEmFv45JYoe1zFJ8b9pv,Monthly Maintenance Fee,12.0,2025-06-23,1,2025-07-06 20:22:00.898248,2025-07-06 20:19:37.31057,2025-07-06 20:22:00.900472
178,8,66pww5ap9YsBa6jRxRE7INb1546EkaCYR03xX,Google One,9.99,2025-06-23,,,2025-07-07 05:27:58.752224,2025-07-07 05:27:58.752224
86,6,Qae5n16YwEFx7NeXpqdVF37YJBOpzMuJvPrD3,Google One,9.99,2025-06-23,2,2025-07-06 20:21:50.173107,2025-07-06 20:19:37.351544,2025-07-06 20:21:50.175594
168,8,L5zMM3wzLAUv7bEPxP9MIZJpz5gy9wC8gopeV,Amazon,27.55,2025-06-23,,,2025-07-07 05:27:58.705628,2025-07-07 05:27:58.705628
76,6,ndJ6gxOYR1iod8mxE4AjFw3EBVOX0LH7gV9n1,Amazon,27.55,2025-06-23,2,2025-07-06 20:22:18.35775,2025-07-06 20:19:37.28444,2025-07-06 20:22:18.359933
85,6,RxejpPLY6QSbEkQwoBK9UgoM1Eep45S10g3QE,Windsurf,16.65,2025-06-23,2,2025-07-06 20:21:53.167804,2025-07-06 20:19:37.324808,2025-07-06 20:21:53.169795
77,6,M0eZMwNVrosj7o0KRLP4S4xZPnVyMAIPbwYeb,Amazon,15.42,2025-06-23,2,2025-07-06 20:22:16.10543,2025-07-06 20:19:37.288743,2025-07-06 20:22:16.107356
84,6,NjYvE6eOrgcqRa6o8g1EUNBn3OoKLYU398kJK,Porkbun,11.06,2025-06-23,1,2025-07-06 20:21:55.752723,2025-07-06 20:19:37.32051,2025-07-06 20:21:55.754984
78,6,EqeN5AO813fg5mXz4LrRFjyQEpxgKrCEMNDkz,Amazon,26.68,2025-06-23,2,2025-07-06 20:22:13.884472,2025-07-06 20:19:37.293394,2025-07-06 20:22:13.886823
79,6,YLdjmxyY9Pc176BjD0MwfOym98JzwnI95EbxQ,Anthropic,126.15,2025-06-23,1,2025-07-06 20:22:09.763373,2025-07-06 20:19:37.297867,2025-07-06 20:22:09.765771
171,8,BvzAAnKz1mixaNLDrDybtaZdbQOvqPTNE4AYm,Anthropic,126.15,2025-06-23,,,2025-07-07 05:27:58.71944,2025-07-07 05:27:58.71944
172,8,q7A443JAZnUeKBd0V0pJuVq5P93w4NUnpNbVw,Elevenlabs.io,1.11,2025-06-23,,,2025-07-07 05:27:58.723279,2025-07-07 05:27:58.723279
173,8,Djz00wAzK1T6DjO3B3YVI09wqeVZ75HgbY8DE,Kristoffer's Cafe & Bakery,5.46,2025-06-23,,,2025-07-07 05:27:58.727803,2025-07-07 05:27:58.727803
122,7,Ew0ydaKojKHK5qjxoYyOfjqgnDa7AqF5dJBQk,Amazon Mktpl*no5tp40r0 Amzn.com/bill,27.55,2025-06-23,,,2025-07-06 20:23:17.516009,2025-07-06 20:23:17.516009
123,7,9ZJ5xmNODNFrpbBvKawjTygKqJv05gFr6kbdz,Amazon Mktpl*no6nh2j20 Amzn.com/bill,15.42,2025-06-23,,,2025-07-06 20:23:17.551674,2025-07-06 20:23:17.551674
124,7,V4MEX975g7F74yODM5zEIZ85jEVBx8HanXNrL,Amazon.com*no7zv3jb0 Amzn.com/bill,26.68,2025-06-23,,,2025-07-06 20:23:17.557125,2025-07-06 20:23:17.557125
126,7,pymMxjvLrvhL5zXQR6pZI56EJz0e16tQAZk3E,Elevenlabs.io Elevenlabs.io,1.11,2025-06-23,,,2025-07-06 20:23:17.566122,2025-07-06 20:23:17.566122
125,7,XxrEX9V5gVUVOrYa0kpEuveZaD4yneIPz0md9,Claude.ai Subscription Anthropic.com,126.15,2025-06-23,,,2025-07-06 20:23:17.561257,2025-07-06 20:23:17.561257
127,7,RvbZA95og5F5E0Rym8gYfgVpqmxDJVhd94Der,Kristoffer`s Cafe & Ba,5.46,2025-06-23,,,2025-07-06 20:23:17.570532,2025-07-06 20:23:17.570532
128,7,M3P4BOaEgaFa7VZwzBgxI4YypO8aqYFk053d9,Monthly Maintenance Fee,12.0,2025-06-23,,,2025-07-06 20:23:17.574568,2025-07-06 20:23:17.574568
129,7,QAB8kmZogZtZ7DzmrRgYS3Vp4no9xVHb9zmO0,Porkbun* Porkbun.com Porkbun.com Or,19.28,2025-06-23,,,2025-07-06 20:23:17.579239,2025-07-06 20:23:17.579239
130,7,nBXnAVkw0kC0d39yVNpwSwqXAb4yKqiqj0eBd,Porkbun.com Porkbun.com Or,11.06,2025-06-23,,,2025-07-06 20:23:17.583011,2025-07-06 20:23:17.583011
131,7,OKBxymJoEJTJoKOa8AeYtLjkg3ENmjFNpVK8X,Windsurf Windsurf.com,16.65,2025-06-23,,,2025-07-06 20:23:17.586865,2025-07-06 20:23:17.586865
132,7,M3P4BOaEgaFa7VZwzBgxI4YypO8aqYFk053M9,google One G.co/helppay#,9.99,2025-06-23,,,2025-07-06 20:23:17.590716,2025-07-06 20:23:17.590716
170,8,d0d11ERdqkh9YXD636yNTEa5D3j08wcDO0deO,Amazon,26.68,2025-06-23,,,2025-07-07 05:27:58.714874,2025-07-07 05:27:58.714874
169,8,m53vv1o3XJUZrXvKwKkpIqEzakAZ1PUNjrVxP,Amazon,15.42,2025-06-23,,,2025-07-07 05:27:58.711253,2025-07-07 05:27:58.711253
174,8,Djz00wAzK1T6DjO3B3YVI09wqeVZ75HgbY81E,Monthly Maintenance Fee,12.0,2025-06-23,,,2025-07-07 05:27:58.731237,2025-07-07 05:27:58.731237
175,8,1Vprravp9Yh314KNpNP7hzx4ne90qaCANbXpL,Porkbun* Porkbun.com Porkbun.com Or,19.28,2025-06-23,,,2025-07-07 05:27:58.73674,2025-07-07 05:27:58.73674
176,8,P7zggA1zMrUVB1nyEyPJFYweXLMPg7IJPwZeY,Porkbun,11.06,2025-06-23,,,2025-07-07 05:27:58.740077,2025-07-07 05:27:58.740077
80,6,e0kx4v8YgVs0q74ARBypFjpB0AnZkKCazNKJx,Elevenlabs.io,1.11,2025-06-23,1,2025-07-06 20:22:06.774035,2025-07-06 20:19:37.302085,2025-07-06 20:22:06.777553
83,6,X6ej103YBDh9OBxmLvDdCvKP61dZ0xF65KnwD,Porkbun* Porkbun.com Porkbun.com Or,19.28,2025-06-23,1,2025-07-06 20:21:58.128275,2025-07-06 20:19:37.315808,2025-07-06 20:21:58.130332
177,8,wwaLL0DaxXT78YneKeo5S0grNPXm3OHrNdaYz,Windsurf,16.65,2025-06-23,,,2025-07-07 05:27:58.74684,2025-07-07 05:27:58.74684
